num,pic
1,./greyInner/AlysonHannigan(Lily)1_1_cut.png
2,./greyInner/AlysonHannigan(Lily)12_2_cut.png
3,./greyInner/AlysonHannigan(Lily)14_2_cut.png
4,./greyInner/AlysonHannigan(Lily)5_4_cut.png
5,./greyInner/AlysonHannigan(Lily)8_3_cut.png
6,./greyInner/AngelaMerkel1_1_cut.png
7,./greyInner/AngelaMerkel3_1_cut.png
8,./greyInner/AngelaMerkel4_1_cut.png
9,./greyInner/AngelaMerkel5_1_cut.png
10,./greyInner/AngelaMerkel6_1_cut.png
11,./greyInner/BarackObama1_3_cut.png
12,./greyInner/BarackObama11_2_cut.png
13,./greyInner/BarackObama2_1_cut.png
14,./greyInner/BarackObama4_1_cut.png
15,./greyInner/BarackObama5_2_cut.png
16,./greyInner/BastianSchweinsteiger1_1_cut.png
17,./greyInner/BastianSchweinsteiger12_1_cut.png
18,./greyInner/BastianSchweinsteiger14_1_cut.png
19,./greyInner/BastianSchweinsteiger3_1_cut.png
20,./greyInner/BastianSchweinsteiger6_2_cut.png
21,./greyInner/BenedictCumberbatch16_1_cut.png
22,./greyInner/BenedictCumberbatch2_2_cut.png
23,./greyInner/BenedictCumberbatch3_9_cut.png
24,./greyInner/BenedictCumberbatch4_1_cut.png
25,./greyInner/BenedictCumberbatch6_5_cut.png
26,./greyInner/Beyonce1_1_cut.png
27,./greyInner/Beyonce11_2_cut.png
28,./greyInner/Beyonce3_2_cut.png
29,./greyInner/Beyonce5_3_cut.png
30,./greyInner/Beyonce8_3_cut.png
31,./greyInner/BritneySpears1_1_cut.png
32,./greyInner/BritneySpears14_2_cut.png
33,./greyInner/BritneySpears5_1_cut.png
34,./greyInner/BritneySpears7_1_cut.png
35,./greyInner/BritneySpears8_5_cut.png
36,./greyInner/CarenMiosga1_1_cut.png
37,./greyInner/CarenMiosga13_1_cut.png
38,./greyInner/CarenMiosga2_11_cut.png
39,./greyInner/CarenMiosga6_2_cut.png
40,./greyInner/CarenMiosga9_1_cut.png
41,./greyInner/CobieSmulders(Robin)12_1_cut.png
42,./greyInner/CobieSmulders(Robin)2_1_cut.png
43,./greyInner/CobieSmulders(Robin)3_4_cut.png
44,./greyInner/CobieSmulders(Robin)4_7_cut.png
45,./greyInner/CobieSmulders(Robin)5_1_cut.png
46,./greyInner/CristinMilioti(Tracy_Mutter)10_1_cut.png
47,./greyInner/CristinMilioti(Tracy_Mutter)2_1_cut.png
48,./greyInner/CristinMilioti(Tracy_Mutter)4_2_cut.png
49,./greyInner/CristinMilioti(Tracy_Mutter)8_1_cut.png
50,./greyInner/CristinMilioti(Tracy_Mutter)9_1_cut.png
51,./greyInner/DannFlorek(DonaldDonCragen)1_1_cut.png
52,./greyInner/DannFlorek(DonaldDonCragen)10_1_cut.png
53,./greyInner/DannFlorek(DonaldDonCragen)2_1_cut.png
54,./greyInner/DannFlorek(DonaldDonCragen)5_1_cut.png
55,./greyInner/DannFlorek(DonaldDonCragen)8_1_cut.png
56,./greyInner/ElvisPresley1_1_cut.png
57,./greyInner/ElvisPresley2_1_cut.png
58,./greyInner/ElvisPresley4_10_cut.png
59,./greyInner/ElvisPresley5_2_cut.png
60,./greyInner/ElvisPresley6_1_cut.png
61,./greyInner/EmilyDeschanel15_1_cut.png
62,./greyInner/EmilyDeschanel3_1_cut.png
63,./greyInner/EmilyDeschanel5_1_cut.png
64,./greyInner/EmilyDeschanel6_12_cut.png
65,./greyInner/EmilyDeschanel8_3_cut.png
66,./greyInner/EmmaWatson(HermioneGranger)11_2_cut.png
67,./greyInner/EmmaWatson(HermioneGranger)16_1_cut.png
68,./greyInner/EmmaWatson(HermioneGranger)3_1_cut.png
69,./greyInner/EmmaWatson(HermioneGranger)4_1_cut.png
70,./greyInner/EmmaWatson(HermioneGranger)9_1_cut.png
71,./greyInner/GuentherJauch2_1_cut.png
72,./greyInner/GuentherJauch3_1_cut.png
73,./greyInner/GuentherJauch4_1_cut.png
74,./greyInner/GuentherJauch7_1_cut.png
75,./greyInner/GuentherJauch9_1_cut.png
76,./greyInner/GeorgeClooney11_1_cut.png
77,./greyInner/GeorgeClooney15_1_cut.png
78,./greyInner/GeorgeClooney16_1_cut.png
79,./greyInner/GeorgeClooney3_1_cut.png
80,./greyInner/GeorgeClooney4_2_cut.png
81,./greyInner/HughLaurie(DrHouse)2_1_cut.png
82,./greyInner/HughLaurie(DrHouse)4_1_cut.png
83,./greyInner/HughLaurie(DrHouse)5_3_cut.png
84,./greyInner/HughLaurie(DrHouse)8_1_cut.png
85,./greyInner/HughLaurie(DrHouse)9_2_cut.png
86,./greyInner/Ice-T(OdafinFinTutuola)10_1_cut.png
87,./greyInner/Ice-T(OdafinFinTutuola)12_1_cut.png
88,./greyInner/Ice-T(OdafinFinTutuola)5_1_cut.png
89,./greyInner/Ice-T(OdafinFinTutuola)6_1_cut.png
90,./greyInner/Ice-T(OdafinFinTutuola)7_1_cut.png
91,./greyInner/JanHofer1_3_cut.png
92,./greyInner/JanHofer3_1_cut.png
93,./greyInner/JanHofer5_1_cut.png
94,./greyInner/JanHofer7_1_cut.png
95,./greyInner/JanHofer9_2_cut.png
96,./greyInner/JasonSegel(Marshall)11_1_cut.png
97,./greyInner/JasonSegel(Marshall)14_1_cut.png
98,./greyInner/JasonSegel(Marshall)6_1_cut.png
99,./greyInner/JasonSegel(Marshall)7_1_cut.png
100,./greyInner/JasonSegel(Marshall)9_1_cut.png
101,./greyInner/JimParsons(SheldonCooper)1_1_cut.png
102,./greyInner/JimParsons(SheldonCooper)10_1_cut.png
103,./greyInner/JimParsons(SheldonCooper)6_1_cut.png
104,./greyInner/JimParsons(SheldonCooper)8_1_cut.png
105,./greyInner/JimParsons(SheldonCooper)9_3_cut.png
106,./greyInner/JoachimLoew1_1_cut.png
107,./greyInner/JoachimLoew12_1_cut.png
108,./greyInner/JoachimLoew15_1_cut.png
109,./greyInner/JoachimLoew4_1_cut.png
110,./greyInner/JoachimLoew8_1_cut.png
111,./greyInner/JoshRadnor(Ted)1_2_cut.png
112,./greyInner/JoshRadnor(Ted)3_1_cut.png
113,./greyInner/JoshRadnor(Ted)6_2_cut.png
114,./greyInner/JoshRadnor(Ted)7_1_cut.png
115,./greyInner/JoshRadnor(Ted)9_1_cut.png
116,./greyInner/JudithRakers1_1_cut.png
117,./greyInner/JudithRakers2_1_cut.png
118,./greyInner/JudithRakers4_3_cut.png
119,./greyInner/JudithRakers7_1_cut.png
120,./greyInner/JudithRakers8_1_cut.png
121,./greyInner/KaleyCuoco(Penny)10_1_cut.png
122,./greyInner/KaleyCuoco(Penny)14_2_cut.png
123,./greyInner/KaleyCuoco(Penny)3_1_cut.png
124,./greyInner/KaleyCuoco(Penny)5_2_cut.png
125,./greyInner/KaleyCuoco(Penny)7_1_cut.png
126,./greyInner/KatjaBurkard1_1_cut.png
127,./greyInner/KatjaBurkard10_1_cut.png
128,./greyInner/KatjaBurkard4_1_cut.png
129,./greyInner/KatjaBurkard5_3_cut.png
130,./greyInner/KatjaBurkard7_1_cut.png
131,./greyInner/LeonardoDiCaprio1_1_cut.png
132,./greyInner/LeonardoDiCaprio2_1_cut.png
133,./greyInner/LeonardoDiCaprio3_1_cut.png
134,./greyInner/LeonardoDiCaprio4_1_cut.png
135,./greyInner/LeonardoDiCaprio7_1_cut.png
136,./greyInner/LisaEdelstein(DrLisaCuddy)1_1_cut.png
137,./greyInner/LisaEdelstein(DrLisaCuddy)10_1_cut.png
138,./greyInner/LisaEdelstein(DrLisaCuddy)2_2_cut.png
139,./greyInner/LisaEdelstein(DrLisaCuddy)6_3_cut.png
140,./greyInner/LisaEdelstein(DrLisaCuddy)9_1_cut.png
141,./greyInner/MariskaHargitay(Liv)13_1_cut.png
142,./greyInner/MariskaHargitay(Liv)14_1_cut.png
143,./greyInner/MariskaHargitay(Liv)4_4_cut.png
144,./greyInner/MariskaHargitay(Liv)6_5_cut.png
145,./greyInner/MariskaHargitay(Liv)8_8_cut.png
146,./greyInner/MilaKunis1_3_cut.png
147,./greyInner/MilaKunis10_1_cut.png
148,./greyInner/MilaKunis4_1_cut.png
149,./greyInner/MilaKunis5_2_cut.png
150,./greyInner/MilaKunis7_3_cut.png
151,./greyInner/NeilPatrickHarris(Barney)1_1_cut.png
152,./greyInner/NeilPatrickHarris(Barney)11_2_cut.png
153,./greyInner/NeilPatrickHarris(Barney)13_4_cut.png
154,./greyInner/NeilPatrickHarris(Barney)2_2_cut.png
155,./greyInner/NeilPatrickHarris(Barney)3_7_cut.png
156,./greyInner/NicoleKidman14_1_cut.png
157,./greyInner/NicoleKidman3_1_cut.png
158,./greyInner/NicoleKidman5_1_cut.png
159,./greyInner/NicoleKidman7_1_cut.png
160,./greyInner/NicoleKidman8_2_cut.png
161,./greyInner/OmarEpps(DrEricForeman)1_5_cut.png
162,./greyInner/OmarEpps(DrEricForeman)2_2_cut.png
163,./greyInner/OmarEpps(DrEricForeman)3_1_cut.png
164,./greyInner/OmarEpps(DrEricForeman)5_2_cut.png
165,./greyInner/OmarEpps(DrEricForeman)9_1_cut.png
166,./greyInner/RobertSeanLeonard(Wilson)1_1_cut.png
167,./greyInner/RobertSeanLeonard(Wilson)10_1_cut.png
168,./greyInner/RobertSeanLeonard(Wilson)11_2_cut.png
169,./greyInner/RobertSeanLeonard(Wilson)2_6_cut.png
170,./greyInner/RobertSeanLeonard(Wilson)8_1_cut.png
171,./greyInner/SahraWagenknecht12_1_cut.png
172,./greyInner/SahraWagenknecht2_2_cut.png
173,./greyInner/SahraWagenknecht5_1_cut.png
174,./greyInner/SahraWagenknecht6_2_cut.png
175,./greyInner/SahraWagenknecht9_1_cut.png
176,./greyInner/Shakira1_1_cut.png
177,./greyInner/Shakira2_1_cut.png
178,./greyInner/Shakira3_1_cut.png
179,./greyInner/Shakira7_1_cut.png
180,./greyInner/Shakira9_1_cut.png
181,./greyInner/SigmarGabriel1_2_cut.png
182,./greyInner/SigmarGabriel11_3_cut.png
183,./greyInner/SigmarGabriel3_3_cut.png
184,./greyInner/SigmarGabriel4_5_cut.png
185,./greyInner/SigmarGabriel8_2_cut.png
186,./greyInner/TaylorSwift1_2_cut.png
187,./greyInner/TaylorSwift2_1_cut.png
188,./greyInner/TaylorSwift3_1_cut.png
189,./greyInner/TaylorSwift7_1_cut.png
190,./greyInner/TaylorSwift8_1_cut.png
191,./greyInner/TomCruise1_1_cut.png
192,./greyInner/TomCruise4_1_cut.png
193,./greyInner/TomCruise5_1_cut.png
194,./greyInner/TomCruise6_1_cut.png
195,./greyInner/TomCruise7_1_cut.png
196,./greyInner/UrsulavonderLeyen1_1_cut.png
197,./greyInner/UrsulavonderLeyen4_1_cut.png
198,./greyInner/UrsulavonderLeyen5_1_cut.png
199,./greyInner/UrsulavonderLeyen7_1_cut.png
200,./greyInner/UrsulavonderLeyen8_2_cut.png
201,./greyInner/Usher1_1_cut.png
202,./greyInner/Usher11_1_cut.png
203,./greyInner/Usher2_1_cut.png
204,./greyInner/Usher4_1_cut.png
205,./greyInner/Usher7_1_cut.png
206,./greyInner/WillSmith1_1_cut.png
207,./greyInner/WillSmith14_1_cut.png
208,./greyInner/WillSmith4_1_cut.png
209,./greyInner/WillSmith5_1_cut.png
210,./greyInner/WillSmith6_1_cut.png
211,./greyInner/notfamousface10_4_cut.png
212,./greyInner/notfamousface11_1_cut.png
213,./greyInner/notfamousface12_2_cut.png
214,./greyInner/notfamousface1_2_cut.png
215,./greyInner/notfamousface13_1_cut.png
216,./greyInner/notfamousface14_6_cut.png
217,./greyInner/notfamousface2_cut.png
218,./greyInner/notfamousface3_3_cut.png
219,./greyInner/notfamousface4_2_cut.png
220,./greyInner/notfamousface5_1_cut.png
221,./greyInner/notfamousface6_8_cut.png
222,./greyInner/notfamousface7_cut.png
223,./greyInner/notfamousface8_9_cut.png
224,./greyInner/notfamousface9_1_cut.png
