Listenelement-Nr.;Metainformation;In Liste aufnehmen, wenn;Platzhalter 
1;<div style="text-align: center"><div style="display: inline-block"><img src="images/Stimuli/f001_002_cut.jpg" /></div>  <div style="display: inline-block"><div style="margin-right:40px"></div></div>  <div style="display: inline-block"><img src="images/Stimuli/f001_001_cut.jpg" /></div></div>;ist immer Listenelement;[1] <div style="text-align: center"><div style="display: inline-block"><img src="images/Stimuli/f001_002_cut.jpg" /></div>  <div style="display: inline-block"><div style="margin-right:40px"></div></div>  <div style="display: inline-block"><img src="images/Stimuli/f001_001_cut.jpg" /></div></div>
2;<div style="text-align: center"><div style="display: inline-block"><img src="images/Stimuli/f001_003_cut.jpg" /></div>  <div style="display: inline-block"><div style="margin-right:40px"></div></div>  <div style="display: inline-block"><img src="images/Stimuli/f001_001_cut.jpg" /></div></div>;ist immer Listenelement;[1] <div style="text-align: center"><div style="display: inline-block"><img src="images/Stimuli/f001_003_cut.jpg" /></div>  <div style="display: inline-block"><div style="margin-right:40px"></div></div>  <div style="display: inline-block"><img src="images/Stimuli/f001_001_cut.jpg" /></div></div>
3;<div style="text-align: center"><div style="display: inline-block"><img src="images/Stimuli/f001_004_cut.jpg" /></div>  <div style="display: inline-block"><div style="margin-right:40px"></div></div>  <div style="display: inline-block"><img src="images/Stimuli/f001_001_cut.jpg" /></div></div>;ist immer Listenelement;[1] <div style="text-align: center"><div style="display: inline-block"><img src="images/Stimuli/f001_004_cut.jpg" /></div>  <div style="display: inline-block"><div style="margin-right:40px"></div></div>  <div style="display: inline-block"><img src="images/Stimuli/f001_001_cut.jpg" /></div></div>
4;<div style="text-align: center"><div style="display: inline-block"><img src="images/Stimuli/f001_005_cut.jpg" /></div>  <div style="display: inline-block"><div style="margin-right:40px"></div></div>  <div style="display: inline-block"><img src="images/Stimuli/f001_001_cut.jpg" /></div></div>;ist immer Listenelement;[1] <div style="text-align: center"><div style="display: inline-block"><img src="images/Stimuli/f001_005_cut.jpg" /></div>  <div style="display: inline-block"><div style="margin-right:40px"></div></div>  <div style="display: inline-block"><img src="images/Stimuli/f001_001_cut.jpg" /></div></div>
5;<div style="text-align: center"><div style="display: inline-block"><img src="images/Stimuli/f001_002_cut.jpg" /></div>  <div style="display: inline-block"><div style="margin-right:40px"></div></div>  <div style="display: inline-block"><img src="images/Stimuli/f001_003_cut.jpg" /></div></div>;ist immer Listenelement;[1] <div style="text-align: center"><div style="display: inline-block"><img src="images/Stimuli/f001_002_cut.jpg" /></div>  <div style="display: inline-block"><div style="margin-right:40px"></div></div>  <div style="display: inline-block"><img src="images/Stimuli/f001_003_cut.jpg" /></div></div>
6;<div style="text-align: center"><div style="display: inline-block"><img src="images/Stimuli/f001_002_cut.jpg" /></div>  <div style="display: inline-block"><div style="margin-right:40px"></div></div>  <div style="display: inline-block"><img src="images/Stimuli/f001_004_cut.jpg" /></div></div>;ist immer Listenelement;[1] <div style="text-align: center"><div style="display: inline-block"><img src="images/Stimuli/f001_002_cut.jpg" /></div>  <div style="display: inline-block"><div style="margin-right:40px"></div></div>  <div style="display: inline-block"><img src="images/Stimuli/f001_004_cut.jpg" /></div></div>
7;<div style="text-align: center"><div style="display: inline-block"><img src="images/Stimuli/f001_002_cut.jpg" /></div>  <div style="display: inline-block"><div style="margin-right:40px"></div></div>  <div style="display: inline-block"><img src="images/Stimuli/f001_005_cut.jpg" /></div></div>;ist immer Listenelement;[1] <div style="text-align: center"><div style="display: inline-block"><img src="images/Stimuli/f001_002_cut.jpg" /></div>  <div style="display: inline-block"><div style="margin-right:40px"></div></div>  <div style="display: inline-block"><img src="images/Stimuli/f001_005_cut.jpg" /></div></div>
8;<div style="text-align: center"><div style="display: inline-block"><img src="images/Stimuli/f001_004_cut.jpg" /></div>  <div style="display: inline-block"><div style="margin-right:40px"></div></div>  <div style="display: inline-block"><img src="images/Stimuli/f001_003_cut.jpg" /></div></div>;ist immer Listenelement;[1] <div style="text-align: center"><div style="display: inline-block"><img src="images/Stimuli/f001_004_cut.jpg" /></div>  <div style="display: inline-block"><div style="margin-right:40px"></div></div>  <div style="display: inline-block"><img src="images/Stimuli/f001_003_cut.jpg" /></div></div>
9;<div style="text-align: center"><div style="display: inline-block"><img src="images/Stimuli/f001_005_cut.jpg" /></div>  <div style="display: inline-block"><div style="margin-right:40px"></div></div>  <div style="display: inline-block"><img src="images/Stimuli/f001_003_cut.jpg" /></div></div>;ist immer Listenelement;[1] <div style="text-align: center"><div style="display: inline-block"><img src="images/Stimuli/f001_005_cut.jpg" /></div>  <div style="display: inline-block"><div style="margin-right:40px"></div></div>  <div style="display: inline-block"><img src="images/Stimuli/f001_003_cut.jpg" /></div></div>
10;<div style="text-align: center"><div style="display: inline-block"><img src="images/Stimuli/f001_005_cut.jpg" /></div>  <div style="display: inline-block"><div style="margin-right:40px"></div></div>  <div style="display: inline-block"><img src="images/Stimuli/f001_004_cut.jpg" /></div></div>;ist immer Listenelement;[1] <div style="text-align: center"><div style="display: inline-block"><img src="images/Stimuli/f001_005_cut.jpg" /></div>  <div style="display: inline-block"><div style="margin-right:40px"></div></div>  <div style="display: inline-block"><img src="images/Stimuli/f001_004_cut.jpg" /></div></div>
11;<div style="text-align: center"><div style="display: inline-block"><img src="images/Stimuli/f002_001_cut.jpg" /></div>  <div style="display: inline-block"><div style="margin-right:40px"></div></div>  <div style="display: inline-block"><img src="images/Stimuli/f002_002_cut.jpg" /></div></div>;ist immer Listenelement;[1] <div style="text-align: center"><div style="display: inline-block"><img src="images/Stimuli/f002_001_cut.jpg" /></div>  <div style="display: inline-block"><div style="margin-right:40px"></div></div>  <div style="display: inline-block"><img src="images/Stimuli/f002_002_cut.jpg" /></div></div>
12;<div style="text-align: center"><div style="display: inline-block"><img src="images/Stimuli/f002_003_cut.jpg" /></div>  <div style="display: inline-block"><div style="margin-right:40px"></div></div>  <div style="display: inline-block"><img src="images/Stimuli/f002_001_cut.jpg" /></div></div>;ist immer Listenelement;[1] <div style="text-align: center"><div style="display: inline-block"><img src="images/Stimuli/f002_003_cut.jpg" /></div>  <div style="display: inline-block"><div style="margin-right:40px"></div></div>  <div style="display: inline-block"><img src="images/Stimuli/f002_001_cut.jpg" /></div></div>
13;<div style="text-align: center"><div style="display: inline-block"><img src="images/Stimuli/f002_001_cut.jpg" /></div>  <div style="display: inline-block"><div style="margin-right:40px"></div></div>  <div style="display: inline-block"><img src="images/Stimuli/f002_004_cut.jpg" /></div></div>;ist immer Listenelement;[1] <div style="text-align: center"><div style="display: inline-block"><img src="images/Stimuli/f002_001_cut.jpg" /></div>  <div style="display: inline-block"><div style="margin-right:40px"></div></div>  <div style="display: inline-block"><img src="images/Stimuli/f002_004_cut.jpg" /></div></div>
14;<div style="text-align: center"><div style="display: inline-block"><img src="images/Stimuli/f002_001_cut.jpg" /></div>  <div style="display: inline-block"><div style="margin-right:40px"></div></div>  <div style="display: inline-block"><img src="images/Stimuli/f002_005_cut.jpg" /></div></div>;ist immer Listenelement;[1] <div style="text-align: center"><div style="display: inline-block"><img src="images/Stimuli/f002_001_cut.jpg" /></div>  <div style="display: inline-block"><div style="margin-right:40px"></div></div>  <div style="display: inline-block"><img src="images/Stimuli/f002_005_cut.jpg" /></div></div>
15;<div style="text-align: center"><div style="display: inline-block"><img src="images/Stimuli/f002_003_cut.jpg" /></div>  <div style="display: inline-block"><div style="margin-right:40px"></div></div>  <div style="display: inline-block"><img src="images/Stimuli/f002_002_cut.jpg" /></div></div>;ist immer Listenelement;[1] <div style="text-align: center"><div style="display: inline-block"><img src="images/Stimuli/f002_003_cut.jpg" /></div>  <div style="display: inline-block"><div style="margin-right:40px"></div></div>  <div style="display: inline-block"><img src="images/Stimuli/f002_002_cut.jpg" /></div></div>
16;<div style="text-align: center"><div style="display: inline-block"><img src="images/Stimuli/f002_002_cut.jpg" /></div>  <div style="display: inline-block"><div style="margin-right:40px"></div></div>  <div style="display: inline-block"><img src="images/Stimuli/f002_004_cut.jpg" /></div></div>;ist immer Listenelement;[1] <div style="text-align: center"><div style="display: inline-block"><img src="images/Stimuli/f002_002_cut.jpg" /></div>  <div style="display: inline-block"><div style="margin-right:40px"></div></div>  <div style="display: inline-block"><img src="images/Stimuli/f002_004_cut.jpg" /></div></div>
17;<div style="text-align: center"><div style="display: inline-block"><img src="images/Stimuli/f002_005_cut.jpg" /></div>  <div style="display: inline-block"><div style="margin-right:40px"></div></div>  <div style="display: inline-block"><img src="images/Stimuli/f002_002_cut.jpg" /></div></div>;ist immer Listenelement;[1] <div style="text-align: center"><div style="display: inline-block"><img src="images/Stimuli/f002_005_cut.jpg" /></div>  <div style="display: inline-block"><div style="margin-right:40px"></div></div>  <div style="display: inline-block"><img src="images/Stimuli/f002_002_cut.jpg" /></div></div>
18;<div style="text-align: center"><div style="display: inline-block"><img src="images/Stimuli/f002_003_cut.jpg" /></div>  <div style="display: inline-block"><div style="margin-right:40px"></div></div>  <div style="display: inline-block"><img src="images/Stimuli/f002_004_cut.jpg" /></div></div>;ist immer Listenelement;[1] <div style="text-align: center"><div style="display: inline-block"><img src="images/Stimuli/f002_003_cut.jpg" /></div>  <div style="display: inline-block"><div style="margin-right:40px"></div></div>  <div style="display: inline-block"><img src="images/Stimuli/f002_004_cut.jpg" /></div></div>
19;<div style="text-align: center"><div style="display: inline-block"><img src="images/Stimuli/f002_005_cut.jpg" /></div>  <div style="display: inline-block"><div style="margin-right:40px"></div></div>  <div style="display: inline-block"><img src="images/Stimuli/f002_003_cut.jpg" /></div></div>;ist immer Listenelement;[1] <div style="text-align: center"><div style="display: inline-block"><img src="images/Stimuli/f002_005_cut.jpg" /></div>  <div style="display: inline-block"><div style="margin-right:40px"></div></div>  <div style="display: inline-block"><img src="images/Stimuli/f002_003_cut.jpg" /></div></div>
20;<div style="text-align: center"><div style="display: inline-block"><img src="images/Stimuli/f002_005_cut.jpg" /></div>  <div style="display: inline-block"><div style="margin-right:40px"></div></div>  <div style="display: inline-block"><img src="images/Stimuli/f002_004_cut.jpg" /></div></div>;ist immer Listenelement;[1] <div style="text-align: center"><div style="display: inline-block"><img src="images/Stimuli/f002_005_cut.jpg" /></div>  <div style="display: inline-block"><div style="margin-right:40px"></div></div>  <div style="display: inline-block"><img src="images/Stimuli/f002_004_cut.jpg" /></div></div>
21;<div style="text-align: center"><div style="display: inline-block"><img src="images/Stimuli/f003_002_cut.jpg" /></div>  <div style="display: inline-block"><div style="margin-right:40px"></div></div>  <div style="display: inline-block"><img src="images/Stimuli/f003_001_cut.jpg" /></div></div>;ist immer Listenelement;[1] <div style="text-align: center"><div style="display: inline-block"><img src="images/Stimuli/f003_002_cut.jpg" /></div>  <div style="display: inline-block"><div style="margin-right:40px"></div></div>  <div style="display: inline-block"><img src="images/Stimuli/f003_001_cut.jpg" /></div></div>
22;<div style="text-align: center"><div style="display: inline-block"><img src="images/Stimuli/f003_003_cut.jpg" /></div>  <div style="display: inline-block"><div style="margin-right:40px"></div></div>  <div style="display: inline-block"><img src="images/Stimuli/f003_001_cut.jpg" /></div></div>;ist immer Listenelement;[1] <div style="text-align: center"><div style="display: inline-block"><img src="images/Stimuli/f003_003_cut.jpg" /></div>  <div style="display: inline-block"><div style="margin-right:40px"></div></div>  <div style="display: inline-block"><img src="images/Stimuli/f003_001_cut.jpg" /></div></div>
23;<div style="text-align: center"><div style="display: inline-block"><img src="images/Stimuli/f003_001_cut.jpg" /></div>  <div style="display: inline-block"><div style="margin-right:40px"></div></div>  <div style="display: inline-block"><img src="images/Stimuli/f003_004_cut.jpg" /></div></div>;ist immer Listenelement;[1] <div style="text-align: center"><div style="display: inline-block"><img src="images/Stimuli/f003_001_cut.jpg" /></div>  <div style="display: inline-block"><div style="margin-right:40px"></div></div>  <div style="display: inline-block"><img src="images/Stimuli/f003_004_cut.jpg" /></div></div>
24;<div style="text-align: center"><div style="display: inline-block"><img src="images/Stimuli/f003_005_cut.jpg" /></div>  <div style="display: inline-block"><div style="margin-right:40px"></div></div>  <div style="display: inline-block"><img src="images/Stimuli/f003_001_cut.jpg" /></div></div>;ist immer Listenelement;[1] <div style="text-align: center"><div style="display: inline-block"><img src="images/Stimuli/f003_005_cut.jpg" /></div>  <div style="display: inline-block"><div style="margin-right:40px"></div></div>  <div style="display: inline-block"><img src="images/Stimuli/f003_001_cut.jpg" /></div></div>
25;<div style="text-align: center"><div style="display: inline-block"><img src="images/Stimuli/f003_003_cut.jpg" /></div>  <div style="display: inline-block"><div style="margin-right:40px"></div></div>  <div style="display: inline-block"><img src="images/Stimuli/f003_002_cut.jpg" /></div></div>;ist immer Listenelement;[1] <div style="text-align: center"><div style="display: inline-block"><img src="images/Stimuli/f003_003_cut.jpg" /></div>  <div style="display: inline-block"><div style="margin-right:40px"></div></div>  <div style="display: inline-block"><img src="images/Stimuli/f003_002_cut.jpg" /></div></div>
26;<div style="text-align: center"><div style="display: inline-block"><img src="images/Stimuli/f003_004_cut.jpg" /></div>  <div style="display: inline-block"><div style="margin-right:40px"></div></div>  <div style="display: inline-block"><img src="images/Stimuli/f003_002_cut.jpg" /></div></div>;ist immer Listenelement;[1] <div style="text-align: center"><div style="display: inline-block"><img src="images/Stimuli/f003_004_cut.jpg" /></div>  <div style="display: inline-block"><div style="margin-right:40px"></div></div>  <div style="display: inline-block"><img src="images/Stimuli/f003_002_cut.jpg" /></div></div>
27;<div style="text-align: center"><div style="display: inline-block"><img src="images/Stimuli/f003_005_cut.jpg" /></div>  <div style="display: inline-block"><div style="margin-right:40px"></div></div>  <div style="display: inline-block"><img src="images/Stimuli/f003_002_cut.jpg" /></div></div>;ist immer Listenelement;[1] <div style="text-align: center"><div style="display: inline-block"><img src="images/Stimuli/f003_005_cut.jpg" /></div>  <div style="display: inline-block"><div style="margin-right:40px"></div></div>  <div style="display: inline-block"><img src="images/Stimuli/f003_002_cut.jpg" /></div></div>
28;<div style="text-align: center"><div style="display: inline-block"><img src="images/Stimuli/f003_004_cut.jpg" /></div>  <div style="display: inline-block"><div style="margin-right:40px"></div></div>  <div style="display: inline-block"><img src="images/Stimuli/f003_003_cut.jpg" /></div></div>;ist immer Listenelement;[1] <div style="text-align: center"><div style="display: inline-block"><img src="images/Stimuli/f003_004_cut.jpg" /></div>  <div style="display: inline-block"><div style="margin-right:40px"></div></div>  <div style="display: inline-block"><img src="images/Stimuli/f003_003_cut.jpg" /></div></div>
29;<div style="text-align: center"><div style="display: inline-block"><img src="images/Stimuli/f003_003_cut.jpg" /></div>  <div style="display: inline-block"><div style="margin-right:40px"></div></div>  <div style="display: inline-block"><img src="images/Stimuli/f003_005_cut.jpg" /></div></div>;ist immer Listenelement;[1] <div style="text-align: center"><div style="display: inline-block"><img src="images/Stimuli/f003_003_cut.jpg" /></div>  <div style="display: inline-block"><div style="margin-right:40px"></div></div>  <div style="display: inline-block"><img src="images/Stimuli/f003_005_cut.jpg" /></div></div>
30;<div style="text-align: center"><div style="display: inline-block"><img src="images/Stimuli/f003_005_cut.jpg" /></div>  <div style="display: inline-block"><div style="margin-right:40px"></div></div>  <div style="display: inline-block"><img src="images/Stimuli/f003_004_cut.jpg" /></div></div>;ist immer Listenelement;[1] <div style="text-align: center"><div style="display: inline-block"><img src="images/Stimuli/f003_005_cut.jpg" /></div>  <div style="display: inline-block"><div style="margin-right:40px"></div></div>  <div style="display: inline-block"><img src="images/Stimuli/f003_004_cut.jpg" /></div></div>
31;<div style="text-align: center"><div style="display: inline-block"><img src="images/Stimuli/f004_002_cut.jpg" /></div>  <div style="display: inline-block"><div style="margin-right:40px"></div></div>  <div style="display: inline-block"><img src="images/Stimuli/f004_001_cut.jpg" /></div></div>;ist immer Listenelement;[1] <div style="text-align: center"><div style="display: inline-block"><img src="images/Stimuli/f004_002_cut.jpg" /></div>  <div style="display: inline-block"><div style="margin-right:40px"></div></div>  <div style="display: inline-block"><img src="images/Stimuli/f004_001_cut.jpg" /></div></div>
32;<div style="text-align: center"><div style="display: inline-block"><img src="images/Stimuli/f004_001_cut.jpg" /></div>  <div style="display: inline-block"><div style="margin-right:40px"></div></div>  <div style="display: inline-block"><img src="images/Stimuli/f004_003_cut.jpg" /></div></div>;ist immer Listenelement;[1] <div style="text-align: center"><div style="display: inline-block"><img src="images/Stimuli/f004_001_cut.jpg" /></div>  <div style="display: inline-block"><div style="margin-right:40px"></div></div>  <div style="display: inline-block"><img src="images/Stimuli/f004_003_cut.jpg" /></div></div>
33;<div style="text-align: center"><div style="display: inline-block"><img src="images/Stimuli/f004_001_cut.jpg" /></div>  <div style="display: inline-block"><div style="margin-right:40px"></div></div>  <div style="display: inline-block"><img src="images/Stimuli/f004_004_cut.jpg" /></div></div>;ist immer Listenelement;[1] <div style="text-align: center"><div style="display: inline-block"><img src="images/Stimuli/f004_001_cut.jpg" /></div>  <div style="display: inline-block"><div style="margin-right:40px"></div></div>  <div style="display: inline-block"><img src="images/Stimuli/f004_004_cut.jpg" /></div></div>
34;<div style="text-align: center"><div style="display: inline-block"><img src="images/Stimuli/f004_001_cut.jpg" /></div>  <div style="display: inline-block"><div style="margin-right:40px"></div></div>  <div style="display: inline-block"><img src="images/Stimuli/f004_005_cut.jpg" /></div></div>;ist immer Listenelement;[1] <div style="text-align: center"><div style="display: inline-block"><img src="images/Stimuli/f004_001_cut.jpg" /></div>  <div style="display: inline-block"><div style="margin-right:40px"></div></div>  <div style="display: inline-block"><img src="images/Stimuli/f004_005_cut.jpg" /></div></div>
35;<div style="text-align: center"><div style="display: inline-block"><img src="images/Stimuli/f004_002_cut.jpg" /></div>  <div style="display: inline-block"><div style="margin-right:40px"></div></div>  <div style="display: inline-block"><img src="images/Stimuli/f004_003_cut.jpg" /></div></div>;ist immer Listenelement;[1] <div style="text-align: center"><div style="display: inline-block"><img src="images/Stimuli/f004_002_cut.jpg" /></div>  <div style="display: inline-block"><div style="margin-right:40px"></div></div>  <div style="display: inline-block"><img src="images/Stimuli/f004_003_cut.jpg" /></div></div>
36;<div style="text-align: center"><div style="display: inline-block"><img src="images/Stimuli/f004_004_cut.jpg" /></div>  <div style="display: inline-block"><div style="margin-right:40px"></div></div>  <div style="display: inline-block"><img src="images/Stimuli/f004_002_cut.jpg" /></div></div>;ist immer Listenelement;[1] <div style="text-align: center"><div style="display: inline-block"><img src="images/Stimuli/f004_004_cut.jpg" /></div>  <div style="display: inline-block"><div style="margin-right:40px"></div></div>  <div style="display: inline-block"><img src="images/Stimuli/f004_002_cut.jpg" /></div></div>
37;<div style="text-align: center"><div style="display: inline-block"><img src="images/Stimuli/f004_005_cut.jpg" /></div>  <div style="display: inline-block"><div style="margin-right:40px"></div></div>  <div style="display: inline-block"><img src="images/Stimuli/f004_002_cut.jpg" /></div></div>;ist immer Listenelement;[1] <div style="text-align: center"><div style="display: inline-block"><img src="images/Stimuli/f004_005_cut.jpg" /></div>  <div style="display: inline-block"><div style="margin-right:40px"></div></div>  <div style="display: inline-block"><img src="images/Stimuli/f004_002_cut.jpg" /></div></div>
38;<div style="text-align: center"><div style="display: inline-block"><img src="images/Stimuli/f004_003_cut.jpg" /></div>  <div style="display: inline-block"><div style="margin-right:40px"></div></div>  <div style="display: inline-block"><img src="images/Stimuli/f004_004_cut.jpg" /></div></div>;ist immer Listenelement;[1] <div style="text-align: center"><div style="display: inline-block"><img src="images/Stimuli/f004_003_cut.jpg" /></div>  <div style="display: inline-block"><div style="margin-right:40px"></div></div>  <div style="display: inline-block"><img src="images/Stimuli/f004_004_cut.jpg" /></div></div>
39;<div style="text-align: center"><div style="display: inline-block"><img src="images/Stimuli/f004_005_cut.jpg" /></div>  <div style="display: inline-block"><div style="margin-right:40px"></div></div>  <div style="display: inline-block"><img src="images/Stimuli/f004_003_cut.jpg" /></div></div>;ist immer Listenelement;[1] <div style="text-align: center"><div style="display: inline-block"><img src="images/Stimuli/f004_005_cut.jpg" /></div>  <div style="display: inline-block"><div style="margin-right:40px"></div></div>  <div style="display: inline-block"><img src="images/Stimuli/f004_003_cut.jpg" /></div></div>
40;<div style="text-align: center"><div style="display: inline-block"><img src="images/Stimuli/f004_005_cut.jpg" /></div>  <div style="display: inline-block"><div style="margin-right:40px"></div></div>  <div style="display: inline-block"><img src="images/Stimuli/f004_004_cut.jpg" /></div></div>;ist immer Listenelement;[1] <div style="text-align: center"><div style="display: inline-block"><img src="images/Stimuli/f004_005_cut.jpg" /></div>  <div style="display: inline-block"><div style="margin-right:40px"></div></div>  <div style="display: inline-block"><img src="images/Stimuli/f004_004_cut.jpg" /></div></div>
41;<div style="text-align: center"><div style="display: inline-block"><img src="images/Stimuli/f005_001_cut.jpg" /></div>  <div style="display: inline-block"><div style="margin-right:40px"></div></div>  <div style="display: inline-block"><img src="images/Stimuli/f005_002_cut.jpg" /></div></div>;ist immer Listenelement;[1] <div style="text-align: center"><div style="display: inline-block"><img src="images/Stimuli/f005_001_cut.jpg" /></div>  <div style="display: inline-block"><div style="margin-right:40px"></div></div>  <div style="display: inline-block"><img src="images/Stimuli/f005_002_cut.jpg" /></div></div>
42;<div style="text-align: center"><div style="display: inline-block"><img src="images/Stimuli/f005_003_cut.jpg" /></div>  <div style="display: inline-block"><div style="margin-right:40px"></div></div>  <div style="display: inline-block"><img src="images/Stimuli/f005_001_cut.jpg" /></div></div>;ist immer Listenelement;[1] <div style="text-align: center"><div style="display: inline-block"><img src="images/Stimuli/f005_003_cut.jpg" /></div>  <div style="display: inline-block"><div style="margin-right:40px"></div></div>  <div style="display: inline-block"><img src="images/Stimuli/f005_001_cut.jpg" /></div></div>
43;<div style="text-align: center"><div style="display: inline-block"><img src="images/Stimuli/f005_001_cut.jpg" /></div>  <div style="display: inline-block"><div style="margin-right:40px"></div></div>  <div style="display: inline-block"><img src="images/Stimuli/f005_004_cut.jpg" /></div></div>;ist immer Listenelement;[1] <div style="text-align: center"><div style="display: inline-block"><img src="images/Stimuli/f005_001_cut.jpg" /></div>  <div style="display: inline-block"><div style="margin-right:40px"></div></div>  <div style="display: inline-block"><img src="images/Stimuli/f005_004_cut.jpg" /></div></div>
44;<div style="text-align: center"><div style="display: inline-block"><img src="images/Stimuli/f005_005_cut.jpg" /></div>  <div style="display: inline-block"><div style="margin-right:40px"></div></div>  <div style="display: inline-block"><img src="images/Stimuli/f005_001_cut.jpg" /></div></div>;ist immer Listenelement;[1] <div style="text-align: center"><div style="display: inline-block"><img src="images/Stimuli/f005_005_cut.jpg" /></div>  <div style="display: inline-block"><div style="margin-right:40px"></div></div>  <div style="display: inline-block"><img src="images/Stimuli/f005_001_cut.jpg" /></div></div>
45;<div style="text-align: center"><div style="display: inline-block"><img src="images/Stimuli/f005_003_cut.jpg" /></div>  <div style="display: inline-block"><div style="margin-right:40px"></div></div>  <div style="display: inline-block"><img src="images/Stimuli/f005_002_cut.jpg" /></div></div>;ist immer Listenelement;[1] <div style="text-align: center"><div style="display: inline-block"><img src="images/Stimuli/f005_003_cut.jpg" /></div>  <div style="display: inline-block"><div style="margin-right:40px"></div></div>  <div style="display: inline-block"><img src="images/Stimuli/f005_002_cut.jpg" /></div></div>
46;<div style="text-align: center"><div style="display: inline-block"><img src="images/Stimuli/f005_002_cut.jpg" /></div>  <div style="display: inline-block"><div style="margin-right:40px"></div></div>  <div style="display: inline-block"><img src="images/Stimuli/f005_004_cut.jpg" /></div></div>;ist immer Listenelement;[1] <div style="text-align: center"><div style="display: inline-block"><img src="images/Stimuli/f005_002_cut.jpg" /></div>  <div style="display: inline-block"><div style="margin-right:40px"></div></div>  <div style="display: inline-block"><img src="images/Stimuli/f005_004_cut.jpg" /></div></div>
47;<div style="text-align: center"><div style="display: inline-block"><img src="images/Stimuli/f005_005_cut.jpg" /></div>  <div style="display: inline-block"><div style="margin-right:40px"></div></div>  <div style="display: inline-block"><img src="images/Stimuli/f005_002_cut.jpg" /></div></div>;ist immer Listenelement;[1] <div style="text-align: center"><div style="display: inline-block"><img src="images/Stimuli/f005_005_cut.jpg" /></div>  <div style="display: inline-block"><div style="margin-right:40px"></div></div>  <div style="display: inline-block"><img src="images/Stimuli/f005_002_cut.jpg" /></div></div>
48;<div style="text-align: center"><div style="display: inline-block"><img src="images/Stimuli/f005_003_cut.jpg" /></div>  <div style="display: inline-block"><div style="margin-right:40px"></div></div>  <div style="display: inline-block"><img src="images/Stimuli/f005_004_cut.jpg" /></div></div>;ist immer Listenelement;[1] <div style="text-align: center"><div style="display: inline-block"><img src="images/Stimuli/f005_003_cut.jpg" /></div>  <div style="display: inline-block"><div style="margin-right:40px"></div></div>  <div style="display: inline-block"><img src="images/Stimuli/f005_004_cut.jpg" /></div></div>
49;<div style="text-align: center"><div style="display: inline-block"><img src="images/Stimuli/f005_003_cut.jpg" /></div>  <div style="display: inline-block"><div style="margin-right:40px"></div></div>  <div style="display: inline-block"><img src="images/Stimuli/f005_005_cut.jpg" /></div></div>;ist immer Listenelement;[1] <div style="text-align: center"><div style="display: inline-block"><img src="images/Stimuli/f005_003_cut.jpg" /></div>  <div style="display: inline-block"><div style="margin-right:40px"></div></div>  <div style="display: inline-block"><img src="images/Stimuli/f005_005_cut.jpg" /></div></div>
50;<div style="text-align: center"><div style="display: inline-block"><img src="images/Stimuli/f005_005_cut.jpg" /></div>  <div style="display: inline-block"><div style="margin-right:40px"></div></div>  <div style="display: inline-block"><img src="images/Stimuli/f005_004_cut.jpg" /></div></div>;ist immer Listenelement;[1] <div style="text-align: center"><div style="display: inline-block"><img src="images/Stimuli/f005_005_cut.jpg" /></div>  <div style="display: inline-block"><div style="margin-right:40px"></div></div>  <div style="display: inline-block"><img src="images/Stimuli/f005_004_cut.jpg" /></div></div>
51;<div style="text-align: center"><div style="display: inline-block"><img src="images/Stimuli/f006_001_cut.jpg" /></div>  <div style="display: inline-block"><div style="margin-right:40px"></div></div>  <div style="display: inline-block"><img src="images/Stimuli/f006_002_cut.jpg" /></div></div>;ist immer Listenelement;[1] <div style="text-align: center"><div style="display: inline-block"><img src="images/Stimuli/f006_001_cut.jpg" /></div>  <div style="display: inline-block"><div style="margin-right:40px"></div></div>  <div style="display: inline-block"><img src="images/Stimuli/f006_002_cut.jpg" /></div></div>
52;<div style="text-align: center"><div style="display: inline-block"><img src="images/Stimuli/f006_003_cut.jpg" /></div>  <div style="display: inline-block"><div style="margin-right:40px"></div></div>  <div style="display: inline-block"><img src="images/Stimuli/f006_001_cut.jpg" /></div></div>;ist immer Listenelement;[1] <div style="text-align: center"><div style="display: inline-block"><img src="images/Stimuli/f006_003_cut.jpg" /></div>  <div style="display: inline-block"><div style="margin-right:40px"></div></div>  <div style="display: inline-block"><img src="images/Stimuli/f006_001_cut.jpg" /></div></div>
53;<div style="text-align: center"><div style="display: inline-block"><img src="images/Stimuli/f006_001_cut.jpg" /></div>  <div style="display: inline-block"><div style="margin-right:40px"></div></div>  <div style="display: inline-block"><img src="images/Stimuli/f006_004_cut.jpg" /></div></div>;ist immer Listenelement;[1] <div style="text-align: center"><div style="display: inline-block"><img src="images/Stimuli/f006_001_cut.jpg" /></div>  <div style="display: inline-block"><div style="margin-right:40px"></div></div>  <div style="display: inline-block"><img src="images/Stimuli/f006_004_cut.jpg" /></div></div>
54;<div style="text-align: center"><div style="display: inline-block"><img src="images/Stimuli/f006_001_cut.jpg" /></div>  <div style="display: inline-block"><div style="margin-right:40px"></div></div>  <div style="display: inline-block"><img src="images/Stimuli/f006_005_cut.jpg" /></div></div>;ist immer Listenelement;[1] <div style="text-align: center"><div style="display: inline-block"><img src="images/Stimuli/f006_001_cut.jpg" /></div>  <div style="display: inline-block"><div style="margin-right:40px"></div></div>  <div style="display: inline-block"><img src="images/Stimuli/f006_005_cut.jpg" /></div></div>
55;<div style="text-align: center"><div style="display: inline-block"><img src="images/Stimuli/f006_003_cut.jpg" /></div>  <div style="display: inline-block"><div style="margin-right:40px"></div></div>  <div style="display: inline-block"><img src="images/Stimuli/f006_002_cut.jpg" /></div></div>;ist immer Listenelement;[1] <div style="text-align: center"><div style="display: inline-block"><img src="images/Stimuli/f006_003_cut.jpg" /></div>  <div style="display: inline-block"><div style="margin-right:40px"></div></div>  <div style="display: inline-block"><img src="images/Stimuli/f006_002_cut.jpg" /></div></div>
56;<div style="text-align: center"><div style="display: inline-block"><img src="images/Stimuli/f006_002_cut.jpg" /></div>  <div style="display: inline-block"><div style="margin-right:40px"></div></div>  <div style="display: inline-block"><img src="images/Stimuli/f006_004_cut.jpg" /></div></div>;ist immer Listenelement;[1] <div style="text-align: center"><div style="display: inline-block"><img src="images/Stimuli/f006_002_cut.jpg" /></div>  <div style="display: inline-block"><div style="margin-right:40px"></div></div>  <div style="display: inline-block"><img src="images/Stimuli/f006_004_cut.jpg" /></div></div>
57;<div style="text-align: center"><div style="display: inline-block"><img src="images/Stimuli/f006_005_cut.jpg" /></div>  <div style="display: inline-block"><div style="margin-right:40px"></div></div>  <div style="display: inline-block"><img src="images/Stimuli/f006_002_cut.jpg" /></div></div>;ist immer Listenelement;[1] <div style="text-align: center"><div style="display: inline-block"><img src="images/Stimuli/f006_005_cut.jpg" /></div>  <div style="display: inline-block"><div style="margin-right:40px"></div></div>  <div style="display: inline-block"><img src="images/Stimuli/f006_002_cut.jpg" /></div></div>
58;<div style="text-align: center"><div style="display: inline-block"><img src="images/Stimuli/f006_003_cut.jpg" /></div>  <div style="display: inline-block"><div style="margin-right:40px"></div></div>  <div style="display: inline-block"><img src="images/Stimuli/f006_004_cut.jpg" /></div></div>;ist immer Listenelement;[1] <div style="text-align: center"><div style="display: inline-block"><img src="images/Stimuli/f006_003_cut.jpg" /></div>  <div style="display: inline-block"><div style="margin-right:40px"></div></div>  <div style="display: inline-block"><img src="images/Stimuli/f006_004_cut.jpg" /></div></div>
59;<div style="text-align: center"><div style="display: inline-block"><img src="images/Stimuli/f006_003_cut.jpg" /></div>  <div style="display: inline-block"><div style="margin-right:40px"></div></div>  <div style="display: inline-block"><img src="images/Stimuli/f006_005_cut.jpg" /></div></div>;ist immer Listenelement;[1] <div style="text-align: center"><div style="display: inline-block"><img src="images/Stimuli/f006_003_cut.jpg" /></div>  <div style="display: inline-block"><div style="margin-right:40px"></div></div>  <div style="display: inline-block"><img src="images/Stimuli/f006_005_cut.jpg" /></div></div>
60;<div style="text-align: center"><div style="display: inline-block"><img src="images/Stimuli/f006_005_cut.jpg" /></div>  <div style="display: inline-block"><div style="margin-right:40px"></div></div>  <div style="display: inline-block"><img src="images/Stimuli/f006_004_cut.jpg" /></div></div>;ist immer Listenelement;[1] <div style="text-align: center"><div style="display: inline-block"><img src="images/Stimuli/f006_005_cut.jpg" /></div>  <div style="display: inline-block"><div style="margin-right:40px"></div></div>  <div style="display: inline-block"><img src="images/Stimuli/f006_004_cut.jpg" /></div></div>
61;<div style="text-align: center"><div style="display: inline-block"><img src="images/Stimuli/f007_001_cut.jpg" /></div>  <div style="display: inline-block"><div style="margin-right:40px"></div></div>  <div style="display: inline-block"><img src="images/Stimuli/f007_002_cut.jpg" /></div></div>;ist immer Listenelement;[1] <div style="text-align: center"><div style="display: inline-block"><img src="images/Stimuli/f007_001_cut.jpg" /></div>  <div style="display: inline-block"><div style="margin-right:40px"></div></div>  <div style="display: inline-block"><img src="images/Stimuli/f007_002_cut.jpg" /></div></div>
62;<div style="text-align: center"><div style="display: inline-block"><img src="images/Stimuli/f007_001_cut.jpg" /></div>  <div style="display: inline-block"><div style="margin-right:40px"></div></div>  <div style="display: inline-block"><img src="images/Stimuli/f007_003_cut.jpg" /></div></div>;ist immer Listenelement;[1] <div style="text-align: center"><div style="display: inline-block"><img src="images/Stimuli/f007_001_cut.jpg" /></div>  <div style="display: inline-block"><div style="margin-right:40px"></div></div>  <div style="display: inline-block"><img src="images/Stimuli/f007_003_cut.jpg" /></div></div>
63;<div style="text-align: center"><div style="display: inline-block"><img src="images/Stimuli/f007_004_cut.jpg" /></div>  <div style="display: inline-block"><div style="margin-right:40px"></div></div>  <div style="display: inline-block"><img src="images/Stimuli/f007_001_cut.jpg" /></div></div>;ist immer Listenelement;[1] <div style="text-align: center"><div style="display: inline-block"><img src="images/Stimuli/f007_004_cut.jpg" /></div>  <div style="display: inline-block"><div style="margin-right:40px"></div></div>  <div style="display: inline-block"><img src="images/Stimuli/f007_001_cut.jpg" /></div></div>
64;<div style="text-align: center"><div style="display: inline-block"><img src="images/Stimuli/f007_001_cut.jpg" /></div>  <div style="display: inline-block"><div style="margin-right:40px"></div></div>  <div style="display: inline-block"><img src="images/Stimuli/f007_005_cut.jpg" /></div></div>;ist immer Listenelement;[1] <div style="text-align: center"><div style="display: inline-block"><img src="images/Stimuli/f007_001_cut.jpg" /></div>  <div style="display: inline-block"><div style="margin-right:40px"></div></div>  <div style="display: inline-block"><img src="images/Stimuli/f007_005_cut.jpg" /></div></div>
65;<div style="text-align: center"><div style="display: inline-block"><img src="images/Stimuli/f007_002_cut.jpg" /></div>  <div style="display: inline-block"><div style="margin-right:40px"></div></div>  <div style="display: inline-block"><img src="images/Stimuli/f007_003_cut.jpg" /></div></div>;ist immer Listenelement;[1] <div style="text-align: center"><div style="display: inline-block"><img src="images/Stimuli/f007_002_cut.jpg" /></div>  <div style="display: inline-block"><div style="margin-right:40px"></div></div>  <div style="display: inline-block"><img src="images/Stimuli/f007_003_cut.jpg" /></div></div>
66;<div style="text-align: center"><div style="display: inline-block"><img src="images/Stimuli/f007_004_cut.jpg" /></div>  <div style="display: inline-block"><div style="margin-right:40px"></div></div>  <div style="display: inline-block"><img src="images/Stimuli/f007_002_cut.jpg" /></div></div>;ist immer Listenelement;[1] <div style="text-align: center"><div style="display: inline-block"><img src="images/Stimuli/f007_004_cut.jpg" /></div>  <div style="display: inline-block"><div style="margin-right:40px"></div></div>  <div style="display: inline-block"><img src="images/Stimuli/f007_002_cut.jpg" /></div></div>
67;<div style="text-align: center"><div style="display: inline-block"><img src="images/Stimuli/f007_005_cut.jpg" /></div>  <div style="display: inline-block"><div style="margin-right:40px"></div></div>  <div style="display: inline-block"><img src="images/Stimuli/f007_002_cut.jpg" /></div></div>;ist immer Listenelement;[1] <div style="text-align: center"><div style="display: inline-block"><img src="images/Stimuli/f007_005_cut.jpg" /></div>  <div style="display: inline-block"><div style="margin-right:40px"></div></div>  <div style="display: inline-block"><img src="images/Stimuli/f007_002_cut.jpg" /></div></div>
68;<div style="text-align: center"><div style="display: inline-block"><img src="images/Stimuli/f007_003_cut.jpg" /></div>  <div style="display: inline-block"><div style="margin-right:40px"></div></div>  <div style="display: inline-block"><img src="images/Stimuli/f007_004_cut.jpg" /></div></div>;ist immer Listenelement;[1] <div style="text-align: center"><div style="display: inline-block"><img src="images/Stimuli/f007_003_cut.jpg" /></div>  <div style="display: inline-block"><div style="margin-right:40px"></div></div>  <div style="display: inline-block"><img src="images/Stimuli/f007_004_cut.jpg" /></div></div>
69;<div style="text-align: center"><div style="display: inline-block"><img src="images/Stimuli/f007_005_cut.jpg" /></div>  <div style="display: inline-block"><div style="margin-right:40px"></div></div>  <div style="display: inline-block"><img src="images/Stimuli/f007_003_cut.jpg" /></div></div>;ist immer Listenelement;[1] <div style="text-align: center"><div style="display: inline-block"><img src="images/Stimuli/f007_005_cut.jpg" /></div>  <div style="display: inline-block"><div style="margin-right:40px"></div></div>  <div style="display: inline-block"><img src="images/Stimuli/f007_003_cut.jpg" /></div></div>
70;<div style="text-align: center"><div style="display: inline-block"><img src="images/Stimuli/f007_004_cut.jpg" /></div>  <div style="display: inline-block"><div style="margin-right:40px"></div></div>  <div style="display: inline-block"><img src="images/Stimuli/f007_005_cut.jpg" /></div></div>;ist immer Listenelement;[1] <div style="text-align: center"><div style="display: inline-block"><img src="images/Stimuli/f007_004_cut.jpg" /></div>  <div style="display: inline-block"><div style="margin-right:40px"></div></div>  <div style="display: inline-block"><img src="images/Stimuli/f007_005_cut.jpg" /></div></div>
71;<div style="text-align: center"><div style="display: inline-block"><img src="images/Stimuli/f008_001_cut.jpg" /></div>  <div style="display: inline-block"><div style="margin-right:40px"></div></div>  <div style="display: inline-block"><img src="images/Stimuli/f008_002_cut.jpg" /></div></div>;ist immer Listenelement;[1] <div style="text-align: center"><div style="display: inline-block"><img src="images/Stimuli/f008_001_cut.jpg" /></div>  <div style="display: inline-block"><div style="margin-right:40px"></div></div>  <div style="display: inline-block"><img src="images/Stimuli/f008_002_cut.jpg" /></div></div>
72;<div style="text-align: center"><div style="display: inline-block"><img src="images/Stimuli/f008_001_cut.jpg" /></div>  <div style="display: inline-block"><div style="margin-right:40px"></div></div>  <div style="display: inline-block"><img src="images/Stimuli/f008_003_cut.jpg" /></div></div>;ist immer Listenelement;[1] <div style="text-align: center"><div style="display: inline-block"><img src="images/Stimuli/f008_001_cut.jpg" /></div>  <div style="display: inline-block"><div style="margin-right:40px"></div></div>  <div style="display: inline-block"><img src="images/Stimuli/f008_003_cut.jpg" /></div></div>
73;<div style="text-align: center"><div style="display: inline-block"><img src="images/Stimuli/f008_004_cut.jpg" /></div>  <div style="display: inline-block"><div style="margin-right:40px"></div></div>  <div style="display: inline-block"><img src="images/Stimuli/f008_001_cut.jpg" /></div></div>;ist immer Listenelement;[1] <div style="text-align: center"><div style="display: inline-block"><img src="images/Stimuli/f008_004_cut.jpg" /></div>  <div style="display: inline-block"><div style="margin-right:40px"></div></div>  <div style="display: inline-block"><img src="images/Stimuli/f008_001_cut.jpg" /></div></div>
74;<div style="text-align: center"><div style="display: inline-block"><img src="images/Stimuli/f008_005_cut.jpg" /></div>  <div style="display: inline-block"><div style="margin-right:40px"></div></div>  <div style="display: inline-block"><img src="images/Stimuli/f008_001_cut.jpg" /></div></div>;ist immer Listenelement;[1] <div style="text-align: center"><div style="display: inline-block"><img src="images/Stimuli/f008_005_cut.jpg" /></div>  <div style="display: inline-block"><div style="margin-right:40px"></div></div>  <div style="display: inline-block"><img src="images/Stimuli/f008_001_cut.jpg" /></div></div>
75;<div style="text-align: center"><div style="display: inline-block"><img src="images/Stimuli/f008_003_cut.jpg" /></div>  <div style="display: inline-block"><div style="margin-right:40px"></div></div>  <div style="display: inline-block"><img src="images/Stimuli/f008_002_cut.jpg" /></div></div>;ist immer Listenelement;[1] <div style="text-align: center"><div style="display: inline-block"><img src="images/Stimuli/f008_003_cut.jpg" /></div>  <div style="display: inline-block"><div style="margin-right:40px"></div></div>  <div style="display: inline-block"><img src="images/Stimuli/f008_002_cut.jpg" /></div></div>
76;<div style="text-align: center"><div style="display: inline-block"><img src="images/Stimuli/f008_002_cut.jpg" /></div>  <div style="display: inline-block"><div style="margin-right:40px"></div></div>  <div style="display: inline-block"><img src="images/Stimuli/f008_004_cut.jpg" /></div></div>;ist immer Listenelement;[1] <div style="text-align: center"><div style="display: inline-block"><img src="images/Stimuli/f008_002_cut.jpg" /></div>  <div style="display: inline-block"><div style="margin-right:40px"></div></div>  <div style="display: inline-block"><img src="images/Stimuli/f008_004_cut.jpg" /></div></div>
77;<div style="text-align: center"><div style="display: inline-block"><img src="images/Stimuli/f008_005_cut.jpg" /></div>  <div style="display: inline-block"><div style="margin-right:40px"></div></div>  <div style="display: inline-block"><img src="images/Stimuli/f008_002_cut.jpg" /></div></div>;ist immer Listenelement;[1] <div style="text-align: center"><div style="display: inline-block"><img src="images/Stimuli/f008_005_cut.jpg" /></div>  <div style="display: inline-block"><div style="margin-right:40px"></div></div>  <div style="display: inline-block"><img src="images/Stimuli/f008_002_cut.jpg" /></div></div>
78;<div style="text-align: center"><div style="display: inline-block"><img src="images/Stimuli/f008_003_cut.jpg" /></div>  <div style="display: inline-block"><div style="margin-right:40px"></div></div>  <div style="display: inline-block"><img src="images/Stimuli/f008_004_cut.jpg" /></div></div>;ist immer Listenelement;[1] <div style="text-align: center"><div style="display: inline-block"><img src="images/Stimuli/f008_003_cut.jpg" /></div>  <div style="display: inline-block"><div style="margin-right:40px"></div></div>  <div style="display: inline-block"><img src="images/Stimuli/f008_004_cut.jpg" /></div></div>
79;<div style="text-align: center"><div style="display: inline-block"><img src="images/Stimuli/f008_005_cut.jpg" /></div>  <div style="display: inline-block"><div style="margin-right:40px"></div></div>  <div style="display: inline-block"><img src="images/Stimuli/f008_003_cut.jpg" /></div></div>;ist immer Listenelement;[1] <div style="text-align: center"><div style="display: inline-block"><img src="images/Stimuli/f008_005_cut.jpg" /></div>  <div style="display: inline-block"><div style="margin-right:40px"></div></div>  <div style="display: inline-block"><img src="images/Stimuli/f008_003_cut.jpg" /></div></div>
80;<div style="text-align: center"><div style="display: inline-block"><img src="images/Stimuli/f008_004_cut.jpg" /></div>  <div style="display: inline-block"><div style="margin-right:40px"></div></div>  <div style="display: inline-block"><img src="images/Stimuli/f008_005_cut.jpg" /></div></div>;ist immer Listenelement;[1] <div style="text-align: center"><div style="display: inline-block"><img src="images/Stimuli/f008_004_cut.jpg" /></div>  <div style="display: inline-block"><div style="margin-right:40px"></div></div>  <div style="display: inline-block"><img src="images/Stimuli/f008_005_cut.jpg" /></div></div>
81;<div style="text-align: center"><div style="display: inline-block"><img src="images/Stimuli/m001_001_cut.jpg" /></div>  <div style="display: inline-block"><div style="margin-right:40px"></div></div>  <div style="display: inline-block"><img src="images/Stimuli/m001_002_cut.jpg" /></div></div>;ist immer Listenelement;[1] <div style="text-align: center"><div style="display: inline-block"><img src="images/Stimuli/m001_001_cut.jpg" /></div>  <div style="display: inline-block"><div style="margin-right:40px"></div></div>  <div style="display: inline-block"><img src="images/Stimuli/m001_002_cut.jpg" /></div></div>
82;<div style="text-align: center"><div style="display: inline-block"><img src="images/Stimuli/m001_001_cut.jpg" /></div>  <div style="display: inline-block"><div style="margin-right:40px"></div></div>  <div style="display: inline-block"><img src="images/Stimuli/m001_003_cut.jpg" /></div></div>;ist immer Listenelement;[1] <div style="text-align: center"><div style="display: inline-block"><img src="images/Stimuli/m001_001_cut.jpg" /></div>  <div style="display: inline-block"><div style="margin-right:40px"></div></div>  <div style="display: inline-block"><img src="images/Stimuli/m001_003_cut.jpg" /></div></div>
83;<div style="text-align: center"><div style="display: inline-block"><img src="images/Stimuli/m001_001_cut.jpg" /></div>  <div style="display: inline-block"><div style="margin-right:40px"></div></div>  <div style="display: inline-block"><img src="images/Stimuli/m001_004_cut.jpg" /></div></div>;ist immer Listenelement;[1] <div style="text-align: center"><div style="display: inline-block"><img src="images/Stimuli/m001_001_cut.jpg" /></div>  <div style="display: inline-block"><div style="margin-right:40px"></div></div>  <div style="display: inline-block"><img src="images/Stimuli/m001_004_cut.jpg" /></div></div>
84;<div style="text-align: center"><div style="display: inline-block"><img src="images/Stimuli/m001_001_cut.jpg" /></div>  <div style="display: inline-block"><div style="margin-right:40px"></div></div>  <div style="display: inline-block"><img src="images/Stimuli/m001_005_cut.jpg" /></div></div>;ist immer Listenelement;[1] <div style="text-align: center"><div style="display: inline-block"><img src="images/Stimuli/m001_001_cut.jpg" /></div>  <div style="display: inline-block"><div style="margin-right:40px"></div></div>  <div style="display: inline-block"><img src="images/Stimuli/m001_005_cut.jpg" /></div></div>
85;<div style="text-align: center"><div style="display: inline-block"><img src="images/Stimuli/m001_003_cut.jpg" /></div>  <div style="display: inline-block"><div style="margin-right:40px"></div></div>  <div style="display: inline-block"><img src="images/Stimuli/m001_002_cut.jpg" /></div></div>;ist immer Listenelement;[1] <div style="text-align: center"><div style="display: inline-block"><img src="images/Stimuli/m001_003_cut.jpg" /></div>  <div style="display: inline-block"><div style="margin-right:40px"></div></div>  <div style="display: inline-block"><img src="images/Stimuli/m001_002_cut.jpg" /></div></div>
86;<div style="text-align: center"><div style="display: inline-block"><img src="images/Stimuli/m001_002_cut.jpg" /></div>  <div style="display: inline-block"><div style="margin-right:40px"></div></div>  <div style="display: inline-block"><img src="images/Stimuli/m001_004_cut.jpg" /></div></div>;ist immer Listenelement;[1] <div style="text-align: center"><div style="display: inline-block"><img src="images/Stimuli/m001_002_cut.jpg" /></div>  <div style="display: inline-block"><div style="margin-right:40px"></div></div>  <div style="display: inline-block"><img src="images/Stimuli/m001_004_cut.jpg" /></div></div>
87;<div style="text-align: center"><div style="display: inline-block"><img src="images/Stimuli/m001_005_cut.jpg" /></div>  <div style="display: inline-block"><div style="margin-right:40px"></div></div>  <div style="display: inline-block"><img src="images/Stimuli/m001_002_cut.jpg" /></div></div>;ist immer Listenelement;[1] <div style="text-align: center"><div style="display: inline-block"><img src="images/Stimuli/m001_005_cut.jpg" /></div>  <div style="display: inline-block"><div style="margin-right:40px"></div></div>  <div style="display: inline-block"><img src="images/Stimuli/m001_002_cut.jpg" /></div></div>
88;<div style="text-align: center"><div style="display: inline-block"><img src="images/Stimuli/m001_004_cut.jpg" /></div>  <div style="display: inline-block"><div style="margin-right:40px"></div></div>  <div style="display: inline-block"><img src="images/Stimuli/m001_003_cut.jpg" /></div></div>;ist immer Listenelement;[1] <div style="text-align: center"><div style="display: inline-block"><img src="images/Stimuli/m001_004_cut.jpg" /></div>  <div style="display: inline-block"><div style="margin-right:40px"></div></div>  <div style="display: inline-block"><img src="images/Stimuli/m001_003_cut.jpg" /></div></div>
89;<div style="text-align: center"><div style="display: inline-block"><img src="images/Stimuli/m001_003_cut.jpg" /></div>  <div style="display: inline-block"><div style="margin-right:40px"></div></div>  <div style="display: inline-block"><img src="images/Stimuli/m001_005_cut.jpg" /></div></div>;ist immer Listenelement;[1] <div style="text-align: center"><div style="display: inline-block"><img src="images/Stimuli/m001_003_cut.jpg" /></div>  <div style="display: inline-block"><div style="margin-right:40px"></div></div>  <div style="display: inline-block"><img src="images/Stimuli/m001_005_cut.jpg" /></div></div>
90;<div style="text-align: center"><div style="display: inline-block"><img src="images/Stimuli/m001_005_cut.jpg" /></div>  <div style="display: inline-block"><div style="margin-right:40px"></div></div>  <div style="display: inline-block"><img src="images/Stimuli/m001_004_cut.jpg" /></div></div>;ist immer Listenelement;[1] <div style="text-align: center"><div style="display: inline-block"><img src="images/Stimuli/m001_005_cut.jpg" /></div>  <div style="display: inline-block"><div style="margin-right:40px"></div></div>  <div style="display: inline-block"><img src="images/Stimuli/m001_004_cut.jpg" /></div></div>
91;<div style="text-align: center"><div style="display: inline-block"><img src="images/Stimuli/m002_002_cut.jpg" /></div>  <div style="display: inline-block"><div style="margin-right:40px"></div></div>  <div style="display: inline-block"><img src="images/Stimuli/m002_001_cut.jpg" /></div></div>;ist immer Listenelement;[1] <div style="text-align: center"><div style="display: inline-block"><img src="images/Stimuli/m002_002_cut.jpg" /></div>  <div style="display: inline-block"><div style="margin-right:40px"></div></div>  <div style="display: inline-block"><img src="images/Stimuli/m002_001_cut.jpg" /></div></div>
92;<div style="text-align: center"><div style="display: inline-block"><img src="images/Stimuli/m002_001_cut.jpg" /></div>  <div style="display: inline-block"><div style="margin-right:40px"></div></div>  <div style="display: inline-block"><img src="images/Stimuli/m002_003_cut.jpg" /></div></div>;ist immer Listenelement;[1] <div style="text-align: center"><div style="display: inline-block"><img src="images/Stimuli/m002_001_cut.jpg" /></div>  <div style="display: inline-block"><div style="margin-right:40px"></div></div>  <div style="display: inline-block"><img src="images/Stimuli/m002_003_cut.jpg" /></div></div>
93;<div style="text-align: center"><div style="display: inline-block"><img src="images/Stimuli/m002_001_cut.jpg" /></div>  <div style="display: inline-block"><div style="margin-right:40px"></div></div>  <div style="display: inline-block"><img src="images/Stimuli/m002_004_cut.jpg" /></div></div>;ist immer Listenelement;[1] <div style="text-align: center"><div style="display: inline-block"><img src="images/Stimuli/m002_001_cut.jpg" /></div>  <div style="display: inline-block"><div style="margin-right:40px"></div></div>  <div style="display: inline-block"><img src="images/Stimuli/m002_004_cut.jpg" /></div></div>
94;<div style="text-align: center"><div style="display: inline-block"><img src="images/Stimuli/m002_005_cut.jpg" /></div>  <div style="display: inline-block"><div style="margin-right:40px"></div></div>  <div style="display: inline-block"><img src="images/Stimuli/m002_001_cut.jpg" /></div></div>;ist immer Listenelement;[1] <div style="text-align: center"><div style="display: inline-block"><img src="images/Stimuli/m002_005_cut.jpg" /></div>  <div style="display: inline-block"><div style="margin-right:40px"></div></div>  <div style="display: inline-block"><img src="images/Stimuli/m002_001_cut.jpg" /></div></div>
95;<div style="text-align: center"><div style="display: inline-block"><img src="images/Stimuli/m002_003_cut.jpg" /></div>  <div style="display: inline-block"><div style="margin-right:40px"></div></div>  <div style="display: inline-block"><img src="images/Stimuli/m002_002_cut.jpg" /></div></div>;ist immer Listenelement;[1] <div style="text-align: center"><div style="display: inline-block"><img src="images/Stimuli/m002_003_cut.jpg" /></div>  <div style="display: inline-block"><div style="margin-right:40px"></div></div>  <div style="display: inline-block"><img src="images/Stimuli/m002_002_cut.jpg" /></div></div>
96;<div style="text-align: center"><div style="display: inline-block"><img src="images/Stimuli/m002_004_cut.jpg" /></div>  <div style="display: inline-block"><div style="margin-right:40px"></div></div>  <div style="display: inline-block"><img src="images/Stimuli/m002_002_cut.jpg" /></div></div>;ist immer Listenelement;[1] <div style="text-align: center"><div style="display: inline-block"><img src="images/Stimuli/m002_004_cut.jpg" /></div>  <div style="display: inline-block"><div style="margin-right:40px"></div></div>  <div style="display: inline-block"><img src="images/Stimuli/m002_002_cut.jpg" /></div></div>
97;<div style="text-align: center"><div style="display: inline-block"><img src="images/Stimuli/m002_002_cut.jpg" /></div>  <div style="display: inline-block"><div style="margin-right:40px"></div></div>  <div style="display: inline-block"><img src="images/Stimuli/m002_005_cut.jpg" /></div></div>;ist immer Listenelement;[1] <div style="text-align: center"><div style="display: inline-block"><img src="images/Stimuli/m002_002_cut.jpg" /></div>  <div style="display: inline-block"><div style="margin-right:40px"></div></div>  <div style="display: inline-block"><img src="images/Stimuli/m002_005_cut.jpg" /></div></div>
98;<div style="text-align: center"><div style="display: inline-block"><img src="images/Stimuli/m002_004_cut.jpg" /></div>  <div style="display: inline-block"><div style="margin-right:40px"></div></div>  <div style="display: inline-block"><img src="images/Stimuli/m002_003_cut.jpg" /></div></div>;ist immer Listenelement;[1] <div style="text-align: center"><div style="display: inline-block"><img src="images/Stimuli/m002_004_cut.jpg" /></div>  <div style="display: inline-block"><div style="margin-right:40px"></div></div>  <div style="display: inline-block"><img src="images/Stimuli/m002_003_cut.jpg" /></div></div>
99;<div style="text-align: center"><div style="display: inline-block"><img src="images/Stimuli/m002_005_cut.jpg" /></div>  <div style="display: inline-block"><div style="margin-right:40px"></div></div>  <div style="display: inline-block"><img src="images/Stimuli/m002_003_cut.jpg" /></div></div>;ist immer Listenelement;[1] <div style="text-align: center"><div style="display: inline-block"><img src="images/Stimuli/m002_005_cut.jpg" /></div>  <div style="display: inline-block"><div style="margin-right:40px"></div></div>  <div style="display: inline-block"><img src="images/Stimuli/m002_003_cut.jpg" /></div></div>
100;<div style="text-align: center"><div style="display: inline-block"><img src="images/Stimuli/m002_005_cut.jpg" /></div>  <div style="display: inline-block"><div style="margin-right:40px"></div></div>  <div style="display: inline-block"><img src="images/Stimuli/m002_004_cut.jpg" /></div></div>;ist immer Listenelement;[1] <div style="text-align: center"><div style="display: inline-block"><img src="images/Stimuli/m002_005_cut.jpg" /></div>  <div style="display: inline-block"><div style="margin-right:40px"></div></div>  <div style="display: inline-block"><img src="images/Stimuli/m002_004_cut.jpg" /></div></div>
101;<div style="text-align: center"><div style="display: inline-block"><img src="images/Stimuli/m003_001_cut.jpg" /></div>  <div style="display: inline-block"><div style="margin-right:40px"></div></div>  <div style="display: inline-block"><img src="images/Stimuli/m003_002_cut.jpg" /></div></div>;ist immer Listenelement;[1] <div style="text-align: center"><div style="display: inline-block"><img src="images/Stimuli/m003_001_cut.jpg" /></div>  <div style="display: inline-block"><div style="margin-right:40px"></div></div>  <div style="display: inline-block"><img src="images/Stimuli/m003_002_cut.jpg" /></div></div>
102;<div style="text-align: center"><div style="display: inline-block"><img src="images/Stimuli/m003_003_cut.jpg" /></div>  <div style="display: inline-block"><div style="margin-right:40px"></div></div>  <div style="display: inline-block"><img src="images/Stimuli/m003_001_cut.jpg" /></div></div>;ist immer Listenelement;[1] <div style="text-align: center"><div style="display: inline-block"><img src="images/Stimuli/m003_003_cut.jpg" /></div>  <div style="display: inline-block"><div style="margin-right:40px"></div></div>  <div style="display: inline-block"><img src="images/Stimuli/m003_001_cut.jpg" /></div></div>
103;<div style="text-align: center"><div style="display: inline-block"><img src="images/Stimuli/m003_001_cut.jpg" /></div>  <div style="display: inline-block"><div style="margin-right:40px"></div></div>  <div style="display: inline-block"><img src="images/Stimuli/m003_004_cut.jpg" /></div></div>;ist immer Listenelement;[1] <div style="text-align: center"><div style="display: inline-block"><img src="images/Stimuli/m003_001_cut.jpg" /></div>  <div style="display: inline-block"><div style="margin-right:40px"></div></div>  <div style="display: inline-block"><img src="images/Stimuli/m003_004_cut.jpg" /></div></div>
104;<div style="text-align: center"><div style="display: inline-block"><img src="images/Stimuli/m003_001_cut.jpg" /></div>  <div style="display: inline-block"><div style="margin-right:40px"></div></div>  <div style="display: inline-block"><img src="images/Stimuli/m003_005_cut.jpg" /></div></div>;ist immer Listenelement;[1] <div style="text-align: center"><div style="display: inline-block"><img src="images/Stimuli/m003_001_cut.jpg" /></div>  <div style="display: inline-block"><div style="margin-right:40px"></div></div>  <div style="display: inline-block"><img src="images/Stimuli/m003_005_cut.jpg" /></div></div>
105;<div style="text-align: center"><div style="display: inline-block"><img src="images/Stimuli/m003_002_cut.jpg" /></div>  <div style="display: inline-block"><div style="margin-right:40px"></div></div>  <div style="display: inline-block"><img src="images/Stimuli/m003_003_cut.jpg" /></div></div>;ist immer Listenelement;[1] <div style="text-align: center"><div style="display: inline-block"><img src="images/Stimuli/m003_002_cut.jpg" /></div>  <div style="display: inline-block"><div style="margin-right:40px"></div></div>  <div style="display: inline-block"><img src="images/Stimuli/m003_003_cut.jpg" /></div></div>
106;<div style="text-align: center"><div style="display: inline-block"><img src="images/Stimuli/m003_002_cut.jpg" /></div>  <div style="display: inline-block"><div style="margin-right:40px"></div></div>  <div style="display: inline-block"><img src="images/Stimuli/m003_004_cut.jpg" /></div></div>;ist immer Listenelement;[1] <div style="text-align: center"><div style="display: inline-block"><img src="images/Stimuli/m003_002_cut.jpg" /></div>  <div style="display: inline-block"><div style="margin-right:40px"></div></div>  <div style="display: inline-block"><img src="images/Stimuli/m003_004_cut.jpg" /></div></div>
107;<div style="text-align: center"><div style="display: inline-block"><img src="images/Stimuli/m003_005_cut.jpg" /></div>  <div style="display: inline-block"><div style="margin-right:40px"></div></div>  <div style="display: inline-block"><img src="images/Stimuli/m003_002_cut.jpg" /></div></div>;ist immer Listenelement;[1] <div style="text-align: center"><div style="display: inline-block"><img src="images/Stimuli/m003_005_cut.jpg" /></div>  <div style="display: inline-block"><div style="margin-right:40px"></div></div>  <div style="display: inline-block"><img src="images/Stimuli/m003_002_cut.jpg" /></div></div>
108;<div style="text-align: center"><div style="display: inline-block"><img src="images/Stimuli/m003_003_cut.jpg" /></div>  <div style="display: inline-block"><div style="margin-right:40px"></div></div>  <div style="display: inline-block"><img src="images/Stimuli/m003_004_cut.jpg" /></div></div>;ist immer Listenelement;[1] <div style="text-align: center"><div style="display: inline-block"><img src="images/Stimuli/m003_003_cut.jpg" /></div>  <div style="display: inline-block"><div style="margin-right:40px"></div></div>  <div style="display: inline-block"><img src="images/Stimuli/m003_004_cut.jpg" /></div></div>
109;<div style="text-align: center"><div style="display: inline-block"><img src="images/Stimuli/m003_005_cut.jpg" /></div>  <div style="display: inline-block"><div style="margin-right:40px"></div></div>  <div style="display: inline-block"><img src="images/Stimuli/m003_003_cut.jpg" /></div></div>;ist immer Listenelement;[1] <div style="text-align: center"><div style="display: inline-block"><img src="images/Stimuli/m003_005_cut.jpg" /></div>  <div style="display: inline-block"><div style="margin-right:40px"></div></div>  <div style="display: inline-block"><img src="images/Stimuli/m003_003_cut.jpg" /></div></div>
110;<div style="text-align: center"><div style="display: inline-block"><img src="images/Stimuli/m003_004_cut.jpg" /></div>  <div style="display: inline-block"><div style="margin-right:40px"></div></div>  <div style="display: inline-block"><img src="images/Stimuli/m003_005_cut.jpg" /></div></div>;ist immer Listenelement;[1] <div style="text-align: center"><div style="display: inline-block"><img src="images/Stimuli/m003_004_cut.jpg" /></div>  <div style="display: inline-block"><div style="margin-right:40px"></div></div>  <div style="display: inline-block"><img src="images/Stimuli/m003_005_cut.jpg" /></div></div>
111;<div style="text-align: center"><div style="display: inline-block"><img src="images/Stimuli/m004_002_cut.jpg" /></div>  <div style="display: inline-block"><div style="margin-right:40px"></div></div>  <div style="display: inline-block"><img src="images/Stimuli/m004_001_cut.jpg" /></div></div>;ist immer Listenelement;[1] <div style="text-align: center"><div style="display: inline-block"><img src="images/Stimuli/m004_002_cut.jpg" /></div>  <div style="display: inline-block"><div style="margin-right:40px"></div></div>  <div style="display: inline-block"><img src="images/Stimuli/m004_001_cut.jpg" /></div></div>
112;<div style="text-align: center"><div style="display: inline-block"><img src="images/Stimuli/m004_001_cut.jpg" /></div>  <div style="display: inline-block"><div style="margin-right:40px"></div></div>  <div style="display: inline-block"><img src="images/Stimuli/m004_003_cut.jpg" /></div></div>;ist immer Listenelement;[1] <div style="text-align: center"><div style="display: inline-block"><img src="images/Stimuli/m004_001_cut.jpg" /></div>  <div style="display: inline-block"><div style="margin-right:40px"></div></div>  <div style="display: inline-block"><img src="images/Stimuli/m004_003_cut.jpg" /></div></div>
113;<div style="text-align: center"><div style="display: inline-block"><img src="images/Stimuli/m004_004_cut.jpg" /></div>  <div style="display: inline-block"><div style="margin-right:40px"></div></div>  <div style="display: inline-block"><img src="images/Stimuli/m004_001_cut.jpg" /></div></div>;ist immer Listenelement;[1] <div style="text-align: center"><div style="display: inline-block"><img src="images/Stimuli/m004_004_cut.jpg" /></div>  <div style="display: inline-block"><div style="margin-right:40px"></div></div>  <div style="display: inline-block"><img src="images/Stimuli/m004_001_cut.jpg" /></div></div>
114;<div style="text-align: center"><div style="display: inline-block"><img src="images/Stimuli/m004_005_cut.jpg" /></div>  <div style="display: inline-block"><div style="margin-right:40px"></div></div>  <div style="display: inline-block"><img src="images/Stimuli/m004_001_cut.jpg" /></div></div>;ist immer Listenelement;[1] <div style="text-align: center"><div style="display: inline-block"><img src="images/Stimuli/m004_005_cut.jpg" /></div>  <div style="display: inline-block"><div style="margin-right:40px"></div></div>  <div style="display: inline-block"><img src="images/Stimuli/m004_001_cut.jpg" /></div></div>
115;<div style="text-align: center"><div style="display: inline-block"><img src="images/Stimuli/m004_002_cut.jpg" /></div>  <div style="display: inline-block"><div style="margin-right:40px"></div></div>  <div style="display: inline-block"><img src="images/Stimuli/m004_003_cut.jpg" /></div></div>;ist immer Listenelement;[1] <div style="text-align: center"><div style="display: inline-block"><img src="images/Stimuli/m004_002_cut.jpg" /></div>  <div style="display: inline-block"><div style="margin-right:40px"></div></div>  <div style="display: inline-block"><img src="images/Stimuli/m004_003_cut.jpg" /></div></div>
116;<div style="text-align: center"><div style="display: inline-block"><img src="images/Stimuli/m004_002_cut.jpg" /></div>  <div style="display: inline-block"><div style="margin-right:40px"></div></div>  <div style="display: inline-block"><img src="images/Stimuli/m004_004_cut.jpg" /></div></div>;ist immer Listenelement;[1] <div style="text-align: center"><div style="display: inline-block"><img src="images/Stimuli/m004_002_cut.jpg" /></div>  <div style="display: inline-block"><div style="margin-right:40px"></div></div>  <div style="display: inline-block"><img src="images/Stimuli/m004_004_cut.jpg" /></div></div>
117;<div style="text-align: center"><div style="display: inline-block"><img src="images/Stimuli/m004_005_cut.jpg" /></div>  <div style="display: inline-block"><div style="margin-right:40px"></div></div>  <div style="display: inline-block"><img src="images/Stimuli/m004_002_cut.jpg" /></div></div>;ist immer Listenelement;[1] <div style="text-align: center"><div style="display: inline-block"><img src="images/Stimuli/m004_005_cut.jpg" /></div>  <div style="display: inline-block"><div style="margin-right:40px"></div></div>  <div style="display: inline-block"><img src="images/Stimuli/m004_002_cut.jpg" /></div></div>
118;<div style="text-align: center"><div style="display: inline-block"><img src="images/Stimuli/m004_004_cut.jpg" /></div>  <div style="display: inline-block"><div style="margin-right:40px"></div></div>  <div style="display: inline-block"><img src="images/Stimuli/m004_003_cut.jpg" /></div></div>;ist immer Listenelement;[1] <div style="text-align: center"><div style="display: inline-block"><img src="images/Stimuli/m004_004_cut.jpg" /></div>  <div style="display: inline-block"><div style="margin-right:40px"></div></div>  <div style="display: inline-block"><img src="images/Stimuli/m004_003_cut.jpg" /></div></div>
119;<div style="text-align: center"><div style="display: inline-block"><img src="images/Stimuli/m004_005_cut.jpg" /></div>  <div style="display: inline-block"><div style="margin-right:40px"></div></div>  <div style="display: inline-block"><img src="images/Stimuli/m004_003_cut.jpg" /></div></div>;ist immer Listenelement;[1] <div style="text-align: center"><div style="display: inline-block"><img src="images/Stimuli/m004_005_cut.jpg" /></div>  <div style="display: inline-block"><div style="margin-right:40px"></div></div>  <div style="display: inline-block"><img src="images/Stimuli/m004_003_cut.jpg" /></div></div>
120;<div style="text-align: center"><div style="display: inline-block"><img src="images/Stimuli/m004_005_cut.jpg" /></div>  <div style="display: inline-block"><div style="margin-right:40px"></div></div>  <div style="display: inline-block"><img src="images/Stimuli/m004_004_cut.jpg" /></div></div>;ist immer Listenelement;[1] <div style="text-align: center"><div style="display: inline-block"><img src="images/Stimuli/m004_005_cut.jpg" /></div>  <div style="display: inline-block"><div style="margin-right:40px"></div></div>  <div style="display: inline-block"><img src="images/Stimuli/m004_004_cut.jpg" /></div></div>
121;<div style="text-align: center"><div style="display: inline-block"><img src="images/Stimuli/m005_002_cut.jpg" /></div>  <div style="display: inline-block"><div style="margin-right:40px"></div></div>  <div style="display: inline-block"><img src="images/Stimuli/m005_001_cut.jpg" /></div></div>;ist immer Listenelement;[1] <div style="text-align: center"><div style="display: inline-block"><img src="images/Stimuli/m005_002_cut.jpg" /></div>  <div style="display: inline-block"><div style="margin-right:40px"></div></div>  <div style="display: inline-block"><img src="images/Stimuli/m005_001_cut.jpg" /></div></div>
122;<div style="text-align: center"><div style="display: inline-block"><img src="images/Stimuli/m005_001_cut.jpg" /></div>  <div style="display: inline-block"><div style="margin-right:40px"></div></div>  <div style="display: inline-block"><img src="images/Stimuli/m005_003_cut.jpg" /></div></div>;ist immer Listenelement;[1] <div style="text-align: center"><div style="display: inline-block"><img src="images/Stimuli/m005_001_cut.jpg" /></div>  <div style="display: inline-block"><div style="margin-right:40px"></div></div>  <div style="display: inline-block"><img src="images/Stimuli/m005_003_cut.jpg" /></div></div>
123;<div style="text-align: center"><div style="display: inline-block"><img src="images/Stimuli/m005_001_cut.jpg" /></div>  <div style="display: inline-block"><div style="margin-right:40px"></div></div>  <div style="display: inline-block"><img src="images/Stimuli/m005_004_cut.jpg" /></div></div>;ist immer Listenelement;[1] <div style="text-align: center"><div style="display: inline-block"><img src="images/Stimuli/m005_001_cut.jpg" /></div>  <div style="display: inline-block"><div style="margin-right:40px"></div></div>  <div style="display: inline-block"><img src="images/Stimuli/m005_004_cut.jpg" /></div></div>
124;<div style="text-align: center"><div style="display: inline-block"><img src="images/Stimuli/m005_001_cut.jpg" /></div>  <div style="display: inline-block"><div style="margin-right:40px"></div></div>  <div style="display: inline-block"><img src="images/Stimuli/m005_005_cut.jpg" /></div></div>;ist immer Listenelement;[1] <div style="text-align: center"><div style="display: inline-block"><img src="images/Stimuli/m005_001_cut.jpg" /></div>  <div style="display: inline-block"><div style="margin-right:40px"></div></div>  <div style="display: inline-block"><img src="images/Stimuli/m005_005_cut.jpg" /></div></div>
125;<div style="text-align: center"><div style="display: inline-block"><img src="images/Stimuli/m005_002_cut.jpg" /></div>  <div style="display: inline-block"><div style="margin-right:40px"></div></div>  <div style="display: inline-block"><img src="images/Stimuli/m005_003_cut.jpg" /></div></div>;ist immer Listenelement;[1] <div style="text-align: center"><div style="display: inline-block"><img src="images/Stimuli/m005_002_cut.jpg" /></div>  <div style="display: inline-block"><div style="margin-right:40px"></div></div>  <div style="display: inline-block"><img src="images/Stimuli/m005_003_cut.jpg" /></div></div>
126;<div style="text-align: center"><div style="display: inline-block"><img src="images/Stimuli/m005_002_cut.jpg" /></div>  <div style="display: inline-block"><div style="margin-right:40px"></div></div>  <div style="display: inline-block"><img src="images/Stimuli/m005_004_cut.jpg" /></div></div>;ist immer Listenelement;[1] <div style="text-align: center"><div style="display: inline-block"><img src="images/Stimuli/m005_002_cut.jpg" /></div>  <div style="display: inline-block"><div style="margin-right:40px"></div></div>  <div style="display: inline-block"><img src="images/Stimuli/m005_004_cut.jpg" /></div></div>
127;<div style="text-align: center"><div style="display: inline-block"><img src="images/Stimuli/m005_005_cut.jpg" /></div>  <div style="display: inline-block"><div style="margin-right:40px"></div></div>  <div style="display: inline-block"><img src="images/Stimuli/m005_002_cut.jpg" /></div></div>;ist immer Listenelement;[1] <div style="text-align: center"><div style="display: inline-block"><img src="images/Stimuli/m005_005_cut.jpg" /></div>  <div style="display: inline-block"><div style="margin-right:40px"></div></div>  <div style="display: inline-block"><img src="images/Stimuli/m005_002_cut.jpg" /></div></div>
128;<div style="text-align: center"><div style="display: inline-block"><img src="images/Stimuli/m005_003_cut.jpg" /></div>  <div style="display: inline-block"><div style="margin-right:40px"></div></div>  <div style="display: inline-block"><img src="images/Stimuli/m005_004_cut.jpg" /></div></div>;ist immer Listenelement;[1] <div style="text-align: center"><div style="display: inline-block"><img src="images/Stimuli/m005_003_cut.jpg" /></div>  <div style="display: inline-block"><div style="margin-right:40px"></div></div>  <div style="display: inline-block"><img src="images/Stimuli/m005_004_cut.jpg" /></div></div>
129;<div style="text-align: center"><div style="display: inline-block"><img src="images/Stimuli/m005_005_cut.jpg" /></div>  <div style="display: inline-block"><div style="margin-right:40px"></div></div>  <div style="display: inline-block"><img src="images/Stimuli/m005_003_cut.jpg" /></div></div>;ist immer Listenelement;[1] <div style="text-align: center"><div style="display: inline-block"><img src="images/Stimuli/m005_005_cut.jpg" /></div>  <div style="display: inline-block"><div style="margin-right:40px"></div></div>  <div style="display: inline-block"><img src="images/Stimuli/m005_003_cut.jpg" /></div></div>
130;<div style="text-align: center"><div style="display: inline-block"><img src="images/Stimuli/m005_004_cut.jpg" /></div>  <div style="display: inline-block"><div style="margin-right:40px"></div></div>  <div style="display: inline-block"><img src="images/Stimuli/m005_005_cut.jpg" /></div></div>;ist immer Listenelement;[1] <div style="text-align: center"><div style="display: inline-block"><img src="images/Stimuli/m005_004_cut.jpg" /></div>  <div style="display: inline-block"><div style="margin-right:40px"></div></div>  <div style="display: inline-block"><img src="images/Stimuli/m005_005_cut.jpg" /></div></div>
131;<div style="text-align: center"><div style="display: inline-block"><img src="images/Stimuli/m006_001_cut.jpg" /></div>  <div style="display: inline-block"><div style="margin-right:40px"></div></div>  <div style="display: inline-block"><img src="images/Stimuli/m006_002_cut.jpg" /></div></div>;ist immer Listenelement;[1] <div style="text-align: center"><div style="display: inline-block"><img src="images/Stimuli/m006_001_cut.jpg" /></div>  <div style="display: inline-block"><div style="margin-right:40px"></div></div>  <div style="display: inline-block"><img src="images/Stimuli/m006_002_cut.jpg" /></div></div>
132;<div style="text-align: center"><div style="display: inline-block"><img src="images/Stimuli/m006_001_cut.jpg" /></div>  <div style="display: inline-block"><div style="margin-right:40px"></div></div>  <div style="display: inline-block"><img src="images/Stimuli/m006_003_cut.jpg" /></div></div>;ist immer Listenelement;[1] <div style="text-align: center"><div style="display: inline-block"><img src="images/Stimuli/m006_001_cut.jpg" /></div>  <div style="display: inline-block"><div style="margin-right:40px"></div></div>  <div style="display: inline-block"><img src="images/Stimuli/m006_003_cut.jpg" /></div></div>
133;<div style="text-align: center"><div style="display: inline-block"><img src="images/Stimuli/m006_001_cut.jpg" /></div>  <div style="display: inline-block"><div style="margin-right:40px"></div></div>  <div style="display: inline-block"><img src="images/Stimuli/m006_004_cut.jpg" /></div></div>;ist immer Listenelement;[1] <div style="text-align: center"><div style="display: inline-block"><img src="images/Stimuli/m006_001_cut.jpg" /></div>  <div style="display: inline-block"><div style="margin-right:40px"></div></div>  <div style="display: inline-block"><img src="images/Stimuli/m006_004_cut.jpg" /></div></div>
134;<div style="text-align: center"><div style="display: inline-block"><img src="images/Stimuli/m006_001_cut.jpg" /></div>  <div style="display: inline-block"><div style="margin-right:40px"></div></div>  <div style="display: inline-block"><img src="images/Stimuli/m006_005_cut.jpg" /></div></div>;ist immer Listenelement;[1] <div style="text-align: center"><div style="display: inline-block"><img src="images/Stimuli/m006_001_cut.jpg" /></div>  <div style="display: inline-block"><div style="margin-right:40px"></div></div>  <div style="display: inline-block"><img src="images/Stimuli/m006_005_cut.jpg" /></div></div>
135;<div style="text-align: center"><div style="display: inline-block"><img src="images/Stimuli/m006_003_cut.jpg" /></div>  <div style="display: inline-block"><div style="margin-right:40px"></div></div>  <div style="display: inline-block"><img src="images/Stimuli/m006_002_cut.jpg" /></div></div>;ist immer Listenelement;[1] <div style="text-align: center"><div style="display: inline-block"><img src="images/Stimuli/m006_003_cut.jpg" /></div>  <div style="display: inline-block"><div style="margin-right:40px"></div></div>  <div style="display: inline-block"><img src="images/Stimuli/m006_002_cut.jpg" /></div></div>
136;<div style="text-align: center"><div style="display: inline-block"><img src="images/Stimuli/m006_002_cut.jpg" /></div>  <div style="display: inline-block"><div style="margin-right:40px"></div></div>  <div style="display: inline-block"><img src="images/Stimuli/m006_004_cut.jpg" /></div></div>;ist immer Listenelement;[1] <div style="text-align: center"><div style="display: inline-block"><img src="images/Stimuli/m006_002_cut.jpg" /></div>  <div style="display: inline-block"><div style="margin-right:40px"></div></div>  <div style="display: inline-block"><img src="images/Stimuli/m006_004_cut.jpg" /></div></div>
137;<div style="text-align: center"><div style="display: inline-block"><img src="images/Stimuli/m006_002_cut.jpg" /></div>  <div style="display: inline-block"><div style="margin-right:40px"></div></div>  <div style="display: inline-block"><img src="images/Stimuli/m006_005_cut.jpg" /></div></div>;ist immer Listenelement;[1] <div style="text-align: center"><div style="display: inline-block"><img src="images/Stimuli/m006_002_cut.jpg" /></div>  <div style="display: inline-block"><div style="margin-right:40px"></div></div>  <div style="display: inline-block"><img src="images/Stimuli/m006_005_cut.jpg" /></div></div>
138;<div style="text-align: center"><div style="display: inline-block"><img src="images/Stimuli/m006_003_cut.jpg" /></div>  <div style="display: inline-block"><div style="margin-right:40px"></div></div>  <div style="display: inline-block"><img src="images/Stimuli/m006_004_cut.jpg" /></div></div>;ist immer Listenelement;[1] <div style="text-align: center"><div style="display: inline-block"><img src="images/Stimuli/m006_003_cut.jpg" /></div>  <div style="display: inline-block"><div style="margin-right:40px"></div></div>  <div style="display: inline-block"><img src="images/Stimuli/m006_004_cut.jpg" /></div></div>
139;<div style="text-align: center"><div style="display: inline-block"><img src="images/Stimuli/m006_005_cut.jpg" /></div>  <div style="display: inline-block"><div style="margin-right:40px"></div></div>  <div style="display: inline-block"><img src="images/Stimuli/m006_003_cut.jpg" /></div></div>;ist immer Listenelement;[1] <div style="text-align: center"><div style="display: inline-block"><img src="images/Stimuli/m006_005_cut.jpg" /></div>  <div style="display: inline-block"><div style="margin-right:40px"></div></div>  <div style="display: inline-block"><img src="images/Stimuli/m006_003_cut.jpg" /></div></div>
140;<div style="text-align: center"><div style="display: inline-block"><img src="images/Stimuli/m006_005_cut.jpg" /></div>  <div style="display: inline-block"><div style="margin-right:40px"></div></div>  <div style="display: inline-block"><img src="images/Stimuli/m006_004_cut.jpg" /></div></div>;ist immer Listenelement;[1] <div style="text-align: center"><div style="display: inline-block"><img src="images/Stimuli/m006_005_cut.jpg" /></div>  <div style="display: inline-block"><div style="margin-right:40px"></div></div>  <div style="display: inline-block"><img src="images/Stimuli/m006_004_cut.jpg" /></div></div>
141;<div style="text-align: center"><div style="display: inline-block"><img src="images/Stimuli/m007_002_cut.jpg" /></div>  <div style="display: inline-block"><div style="margin-right:40px"></div></div>  <div style="display: inline-block"><img src="images/Stimuli/m007_001_cut.jpg" /></div></div>;ist immer Listenelement;[1] <div style="text-align: center"><div style="display: inline-block"><img src="images/Stimuli/m007_002_cut.jpg" /></div>  <div style="display: inline-block"><div style="margin-right:40px"></div></div>  <div style="display: inline-block"><img src="images/Stimuli/m007_001_cut.jpg" /></div></div>
142;<div style="text-align: center"><div style="display: inline-block"><img src="images/Stimuli/m007_001_cut.jpg" /></div>  <div style="display: inline-block"><div style="margin-right:40px"></div></div>  <div style="display: inline-block"><img src="images/Stimuli/m007_003_cut.jpg" /></div></div>;ist immer Listenelement;[1] <div style="text-align: center"><div style="display: inline-block"><img src="images/Stimuli/m007_001_cut.jpg" /></div>  <div style="display: inline-block"><div style="margin-right:40px"></div></div>  <div style="display: inline-block"><img src="images/Stimuli/m007_003_cut.jpg" /></div></div>
143;<div style="text-align: center"><div style="display: inline-block"><img src="images/Stimuli/m007_001_cut.jpg" /></div>  <div style="display: inline-block"><div style="margin-right:40px"></div></div>  <div style="display: inline-block"><img src="images/Stimuli/m007_004_cut.jpg" /></div></div>;ist immer Listenelement;[1] <div style="text-align: center"><div style="display: inline-block"><img src="images/Stimuli/m007_001_cut.jpg" /></div>  <div style="display: inline-block"><div style="margin-right:40px"></div></div>  <div style="display: inline-block"><img src="images/Stimuli/m007_004_cut.jpg" /></div></div>
144;<div style="text-align: center"><div style="display: inline-block"><img src="images/Stimuli/m007_001_cut.jpg" /></div>  <div style="display: inline-block"><div style="margin-right:40px"></div></div>  <div style="display: inline-block"><img src="images/Stimuli/m007_005_cut.jpg" /></div></div>;ist immer Listenelement;[1] <div style="text-align: center"><div style="display: inline-block"><img src="images/Stimuli/m007_001_cut.jpg" /></div>  <div style="display: inline-block"><div style="margin-right:40px"></div></div>  <div style="display: inline-block"><img src="images/Stimuli/m007_005_cut.jpg" /></div></div>
145;<div style="text-align: center"><div style="display: inline-block"><img src="images/Stimuli/m007_003_cut.jpg" /></div>  <div style="display: inline-block"><div style="margin-right:40px"></div></div>  <div style="display: inline-block"><img src="images/Stimuli/m007_002_cut.jpg" /></div></div>;ist immer Listenelement;[1] <div style="text-align: center"><div style="display: inline-block"><img src="images/Stimuli/m007_003_cut.jpg" /></div>  <div style="display: inline-block"><div style="margin-right:40px"></div></div>  <div style="display: inline-block"><img src="images/Stimuli/m007_002_cut.jpg" /></div></div>
146;<div style="text-align: center"><div style="display: inline-block"><img src="images/Stimuli/m007_004_cut.jpg" /></div>  <div style="display: inline-block"><div style="margin-right:40px"></div></div>  <div style="display: inline-block"><img src="images/Stimuli/m007_002_cut.jpg" /></div></div>;ist immer Listenelement;[1] <div style="text-align: center"><div style="display: inline-block"><img src="images/Stimuli/m007_004_cut.jpg" /></div>  <div style="display: inline-block"><div style="margin-right:40px"></div></div>  <div style="display: inline-block"><img src="images/Stimuli/m007_002_cut.jpg" /></div></div>
147;<div style="text-align: center"><div style="display: inline-block"><img src="images/Stimuli/m007_002_cut.jpg" /></div>  <div style="display: inline-block"><div style="margin-right:40px"></div></div>  <div style="display: inline-block"><img src="images/Stimuli/m007_005_cut.jpg" /></div></div>;ist immer Listenelement;[1] <div style="text-align: center"><div style="display: inline-block"><img src="images/Stimuli/m007_002_cut.jpg" /></div>  <div style="display: inline-block"><div style="margin-right:40px"></div></div>  <div style="display: inline-block"><img src="images/Stimuli/m007_005_cut.jpg" /></div></div>
148;<div style="text-align: center"><div style="display: inline-block"><img src="images/Stimuli/m007_003_cut.jpg" /></div>  <div style="display: inline-block"><div style="margin-right:40px"></div></div>  <div style="display: inline-block"><img src="images/Stimuli/m007_004_cut.jpg" /></div></div>;ist immer Listenelement;[1] <div style="text-align: center"><div style="display: inline-block"><img src="images/Stimuli/m007_003_cut.jpg" /></div>  <div style="display: inline-block"><div style="margin-right:40px"></div></div>  <div style="display: inline-block"><img src="images/Stimuli/m007_004_cut.jpg" /></div></div>
149;<div style="text-align: center"><div style="display: inline-block"><img src="images/Stimuli/m007_005_cut.jpg" /></div>  <div style="display: inline-block"><div style="margin-right:40px"></div></div>  <div style="display: inline-block"><img src="images/Stimuli/m007_003_cut.jpg" /></div></div>;ist immer Listenelement;[1] <div style="text-align: center"><div style="display: inline-block"><img src="images/Stimuli/m007_005_cut.jpg" /></div>  <div style="display: inline-block"><div style="margin-right:40px"></div></div>  <div style="display: inline-block"><img src="images/Stimuli/m007_003_cut.jpg" /></div></div>
150;<div style="text-align: center"><div style="display: inline-block"><img src="images/Stimuli/m007_005_cut.jpg" /></div>  <div style="display: inline-block"><div style="margin-right:40px"></div></div>  <div style="display: inline-block"><img src="images/Stimuli/m007_004_cut.jpg" /></div></div>;ist immer Listenelement;[1] <div style="text-align: center"><div style="display: inline-block"><img src="images/Stimuli/m007_005_cut.jpg" /></div>  <div style="display: inline-block"><div style="margin-right:40px"></div></div>  <div style="display: inline-block"><img src="images/Stimuli/m007_004_cut.jpg" /></div></div>
151;<div style="text-align: center"><div style="display: inline-block"><img src="images/Stimuli/m008_001_cut.jpg" /></div>  <div style="display: inline-block"><div style="margin-right:40px"></div></div>  <div style="display: inline-block"><img src="images/Stimuli/m008_002_cut.jpg" /></div></div>;ist immer Listenelement;[1] <div style="text-align: center"><div style="display: inline-block"><img src="images/Stimuli/m008_001_cut.jpg" /></div>  <div style="display: inline-block"><div style="margin-right:40px"></div></div>  <div style="display: inline-block"><img src="images/Stimuli/m008_002_cut.jpg" /></div></div>
152;<div style="text-align: center"><div style="display: inline-block"><img src="images/Stimuli/m008_001_cut.jpg" /></div>  <div style="display: inline-block"><div style="margin-right:40px"></div></div>  <div style="display: inline-block"><img src="images/Stimuli/m008_003_cut.jpg" /></div></div>;ist immer Listenelement;[1] <div style="text-align: center"><div style="display: inline-block"><img src="images/Stimuli/m008_001_cut.jpg" /></div>  <div style="display: inline-block"><div style="margin-right:40px"></div></div>  <div style="display: inline-block"><img src="images/Stimuli/m008_003_cut.jpg" /></div></div>
153;<div style="text-align: center"><div style="display: inline-block"><img src="images/Stimuli/m008_001_cut.jpg" /></div>  <div style="display: inline-block"><div style="margin-right:40px"></div></div>  <div style="display: inline-block"><img src="images/Stimuli/m008_004_cut.jpg" /></div></div>;ist immer Listenelement;[1] <div style="text-align: center"><div style="display: inline-block"><img src="images/Stimuli/m008_001_cut.jpg" /></div>  <div style="display: inline-block"><div style="margin-right:40px"></div></div>  <div style="display: inline-block"><img src="images/Stimuli/m008_004_cut.jpg" /></div></div>
154;<div style="text-align: center"><div style="display: inline-block"><img src="images/Stimuli/m008_005_cut.jpg" /></div>  <div style="display: inline-block"><div style="margin-right:40px"></div></div>  <div style="display: inline-block"><img src="images/Stimuli/m008_001_cut.jpg" /></div></div>;ist immer Listenelement;[1] <div style="text-align: center"><div style="display: inline-block"><img src="images/Stimuli/m008_005_cut.jpg" /></div>  <div style="display: inline-block"><div style="margin-right:40px"></div></div>  <div style="display: inline-block"><img src="images/Stimuli/m008_001_cut.jpg" /></div></div>
155;<div style="text-align: center"><div style="display: inline-block"><img src="images/Stimuli/m008_002_cut.jpg" /></div>  <div style="display: inline-block"><div style="margin-right:40px"></div></div>  <div style="display: inline-block"><img src="images/Stimuli/m008_003_cut.jpg" /></div></div>;ist immer Listenelement;[1] <div style="text-align: center"><div style="display: inline-block"><img src="images/Stimuli/m008_002_cut.jpg" /></div>  <div style="display: inline-block"><div style="margin-right:40px"></div></div>  <div style="display: inline-block"><img src="images/Stimuli/m008_003_cut.jpg" /></div></div>
156;<div style="text-align: center"><div style="display: inline-block"><img src="images/Stimuli/m008_002_cut.jpg" /></div>  <div style="display: inline-block"><div style="margin-right:40px"></div></div>  <div style="display: inline-block"><img src="images/Stimuli/m008_004_cut.jpg" /></div></div>;ist immer Listenelement;[1] <div style="text-align: center"><div style="display: inline-block"><img src="images/Stimuli/m008_002_cut.jpg" /></div>  <div style="display: inline-block"><div style="margin-right:40px"></div></div>  <div style="display: inline-block"><img src="images/Stimuli/m008_004_cut.jpg" /></div></div>
157;<div style="text-align: center"><div style="display: inline-block"><img src="images/Stimuli/m008_005_cut.jpg" /></div>  <div style="display: inline-block"><div style="margin-right:40px"></div></div>  <div style="display: inline-block"><img src="images/Stimuli/m008_002_cut.jpg" /></div></div>;ist immer Listenelement;[1] <div style="text-align: center"><div style="display: inline-block"><img src="images/Stimuli/m008_005_cut.jpg" /></div>  <div style="display: inline-block"><div style="margin-right:40px"></div></div>  <div style="display: inline-block"><img src="images/Stimuli/m008_002_cut.jpg" /></div></div>
158;<div style="text-align: center"><div style="display: inline-block"><img src="images/Stimuli/m008_003_cut.jpg" /></div>  <div style="display: inline-block"><div style="margin-right:40px"></div></div>  <div style="display: inline-block"><img src="images/Stimuli/m008_004_cut.jpg" /></div></div>;ist immer Listenelement;[1] <div style="text-align: center"><div style="display: inline-block"><img src="images/Stimuli/m008_003_cut.jpg" /></div>  <div style="display: inline-block"><div style="margin-right:40px"></div></div>  <div style="display: inline-block"><img src="images/Stimuli/m008_004_cut.jpg" /></div></div>
159;<div style="text-align: center"><div style="display: inline-block"><img src="images/Stimuli/m008_005_cut.jpg" /></div>  <div style="display: inline-block"><div style="margin-right:40px"></div></div>  <div style="display: inline-block"><img src="images/Stimuli/m008_003_cut.jpg" /></div></div>;ist immer Listenelement;[1] <div style="text-align: center"><div style="display: inline-block"><img src="images/Stimuli/m008_005_cut.jpg" /></div>  <div style="display: inline-block"><div style="margin-right:40px"></div></div>  <div style="display: inline-block"><img src="images/Stimuli/m008_003_cut.jpg" /></div></div>
160;<div style="text-align: center"><div style="display: inline-block"><img src="images/Stimuli/m008_004_cut.jpg" /></div>  <div style="display: inline-block"><div style="margin-right:40px"></div></div>  <div style="display: inline-block"><img src="images/Stimuli/m008_005_cut.jpg" /></div></div>;ist immer Listenelement;[1] <div style="text-align: center"><div style="display: inline-block"><img src="images/Stimuli/m008_004_cut.jpg" /></div>  <div style="display: inline-block"><div style="margin-right:40px"></div></div>  <div style="display: inline-block"><img src="images/Stimuli/m008_005_cut.jpg" /></div></div>
